run_ts,logn,k,slots,blocks,seed,rounds,subbytes,xor,clean,cleandepth,place,extract,extractlv,primes,logscale,refresh_lv,ark_lv,seq,round,step,ms,level,prec_avg,prec_min,worst_err,slots_pooled,bit_err,blocks_wrong
2026-09-07T16:38:46+02:00,11,4,2048,1024,1788791926622071815,9,2,nosq (x+y-2xy),Cleaning (2 lv),2,XorThenClean,"half (demi-spectre, k lv)",4,31,38,11,8,1,0,FirstRound,141.423,5,30.37,25.555,0.0,131072,0.0,0
2026-09-07T16:38:46+02:00,11,4,2048,1024,1788791926622071815,9,2,nosq (x+y-2xy),Cleaning (2 lv),2,XorThenClean,"half (demi-spectre, k lv)",4,31,38,11,8,2,1,SubBytes,3201.829,2,19.319,14.116,5.6e-05,131072,5.6e-05,0
2026-09-07T16:38:46+02:00,11,4,2048,1024,1788791926622071815,9,2,nosq (x+y-2xy),Cleaning (2 lv),2,XorThenClean,"half (demi-spectre, k lv)",4,31,38,11,8,3,1,Refresh,21956.397,11,15.4,10.322,0.000781,131072,0.000781,0
2026-09-07T16:38:46+02:00,11,4,2048,1024,1788791926622071815,9,2,nosq (x+y-2xy),Cleaning (2 lv),2,XorThenClean,"half (demi-spectre, k lv)",4,31,38,11,8,4,1,MixColumns,1675.092,8,13.4,9.621,0.00127,131072,0.00127,0
2026-09-07T16:38:46+02:00,11,4,2048,1024,1788791926622071815,9,2,nosq (x+y-2xy),Cleaning (2 lv),2,XorThenClean,"half (demi-spectre, k lv)",4,31,38,11,8,5,1,AddRoundKey,317.129,7,13.4,9.621,0.00127,131072,0.00127,0
2026-09-07T16:38:46+02:00,11,4,2048,1024,1788791926622071815,9,2,nosq (x+y-2xy),Cleaning (2 lv),2,XorThenClean,"half (demi-spectre, k lv)",4,31,38,11,8,6,1,Cleaning,514.567,5,24.982,17.656,5e-06,131072,5e-06,0
2026-09-07T16:38:46+02:00,11,4,2048,1024,1788791926622071815,9,2,nosq (x+y-2xy),Cleaning (2 lv),2,XorThenClean,"half (demi-spectre, k lv)",4,31,38,11,8,7,2,SubBytes,3570.446,2,19.069,14.112,5.6e-05,131072,5.6e-05,0
2026-09-07T16:38:46+02:00,11,4,2048,1024,1788791926622071815,9,2,nosq (x+y-2xy),Cleaning (2 lv),2,XorThenClean,"half (demi-spectre, k lv)",4,31,38,11,8,8,2,Refresh,22609.697,11,15.722,10.361,0.00076,131072,0.00076,0
2026-09-07T16:38:46+02:00,11,4,2048,1024,1788791926622071815,9,2,nosq (x+y-2xy),Cleaning (2 lv),2,XorThenClean,"half (demi-spectre, k lv)",4,31,38,11,8,9,2,MixColumns,1743.494,8,13.643,9.643,0.001251,131072,0.001251,0
2026-09-07T16:38:46+02:00,11,4,2048,1024,1788791926622071815,9,2,nosq (x+y-2xy),Cleaning (2 lv),2,XorThenClean,"half (demi-spectre, k lv)",4,31,38,11,8,10,2,AddRoundKey,304.475,7,13.643,9.643,0.001251,131072,0.001251,0
2026-09-07T16:38:46+02:00,11,4,2048,1024,1788791926622071815,9,2,nosq (x+y-2xy),Cleaning (2 lv),2,XorThenClean,"half (demi-spectre, k lv)",4,31,38,11,8,11,2,Cleaning,508.491,5,25.389,17.699,5e-06,131072,5e-06,0
2026-09-07T16:38:46+02:00,11,4,2048,1024,1788791926622071815,9,2,nosq (x+y-2xy),Cleaning (2 lv),2,XorThenClean,"half (demi-spectre, k lv)",4,31,38,11,8,12,3,SubBytes,3567.415,2,19.123,14.094,5.7e-05,131072,5.7e-05,0
2026-09-07T16:38:46+02:00,11,4,2048,1024,1788791926622071815,9,2,nosq (x+y-2xy),Cleaning (2 lv),2,XorThenClean,"half (demi-spectre, k lv)",4,31,38,11,8,13,3,Refresh,23093.204,11,15.731,10.397,0.000742,131072,0.000742,0
2026-09-07T16:38:46+02:00,11,4,2048,1024,1788791926622071815,9,2,nosq (x+y-2xy),Cleaning (2 lv),2,XorThenClean,"half (demi-spectre, k lv)",4,31,38,11,8,14,3,MixColumns,1729.819,8,13.65,9.689,0.001211,131072,0.001211,0
2026-09-07T16:38:46+02:00,11,4,2048,1024,1788791926622071815,9,2,nosq (x+y-2xy),Cleaning (2 lv),2,XorThenClean,"half (demi-spectre, k lv)",4,31,38,11,8,15,3,AddRoundKey,298.549,7,13.65,9.689,0.001211,131072,0.001211,0
2026-09-07T16:38:46+02:00,11,4,2048,1024,1788791926622071815,9,2,nosq (x+y-2xy),Cleaning (2 lv),2,XorThenClean,"half (demi-spectre, k lv)",4,31,38,11,8,16,3,Cleaning,528.778,5,25.406,17.792,4e-06,131072,4e-06,0
2026-09-07T16:38:46+02:00,11,4,2048,1024,1788791926622071815,9,2,nosq (x+y-2xy),Cleaning (2 lv),2,XorThenClean,"half (demi-spectre, k lv)",4,31,38,11,8,17,4,SubBytes,3601.621,2,19.133,14.097,5.7e-05,131072,5.7e-05,0
2026-09-07T16:38:46+02:00,11,4,2048,1024,1788791926622071815,9,2,nosq (x+y-2xy),Cleaning (2 lv),2,XorThenClean,"half (demi-spectre, k lv)",4,31,38,11,8,18,4,Refresh,23307.765,11,15.728,10.395,0.000743,131072,0.000743,0
2026-09-07T16:38:46+02:00,11,4,2048,1024,1788791926622071815,9,2,nosq (x+y-2xy),Cleaning (2 lv),2,XorThenClean,"half (demi-spectre, k lv)",4,31,38,11,8,19,4,MixColumns,1729.285,8,13.633,9.587,0.0013,131072,0.0013,0
2026-09-07T16:38:46+02:00,11,4,2048,1024,1788791926622071815,9,2,nosq (x+y-2xy),Cleaning (2 lv),2,XorThenClean,"half (demi-spectre, k lv)",4,31,38,11,8,20,4,AddRoundKey,310.791,7,13.633,9.587,0.0013,131072,0.0013,0
2026-09-07T16:38:46+02:00,11,4,2048,1024,1788791926622071815,9,2,nosq (x+y-2xy),Cleaning (2 lv),2,XorThenClean,"half (demi-spectre, k lv)",4,31,38,11,8,21,4,Cleaning,538.028,5,25.374,17.589,5e-06,131072,5e-06,0
2026-09-07T16:38:46+02:00,11,4,2048,1024,1788791926622071815,9,2,nosq (x+y-2xy),Cleaning (2 lv),2,XorThenClean,"half (demi-spectre, k lv)",4,31,38,11,8,22,5,SubBytes,3613.31,2,19.139,14.098,5.7e-05,131072,5.7e-05,0
2026-09-07T16:38:46+02:00,11,4,2048,1024,1788791926622071815,9,2,nosq (x+y-2xy),Cleaning (2 lv),2,XorThenClean,"half (demi-spectre, k lv)",4,31,38,11,8,23,5,Refresh,23350.186,11,15.739,10.362,0.00076,131072,0.00076,0
2026-09-07T16:38:46+02:00,11,4,2048,1024,1788791926622071815,9,2,nosq (x+y-2xy),Cleaning (2 lv),2,XorThenClean,"half (demi-spectre, k lv)",4,31,38,11,8,24,5,MixColumns,1738.23,8,13.655,9.406,0.001475,131072,0.001475,0
2026-09-07T16:38:46+02:00,11,4,2048,1024,1788791926622071815,9,2,nosq (x+y-2xy),Cleaning (2 lv),2,XorThenClean,"half (demi-spectre, k lv)",4,31,38,11,8,25,5,AddRoundKey,304.098,7,13.655,9.406,0.001475,131072,0.001475,0
2026-09-07T16:38:46+02:00,11,4,2048,1024,1788791926622071815,9,2,nosq (x+y-2xy),Cleaning (2 lv),2,XorThenClean,"half (demi-spectre, k lv)",4,31,38,11,8,26,5,Cleaning,524.066,5,25.425,17.225,7e-06,131072,7e-06,0
2026-09-07T16:38:46+02:00,11,4,2048,1024,1788791926622071815,9,2,nosq (x+y-2xy),Cleaning (2 lv),2,XorThenClean,"half (demi-spectre, k lv)",4,31,38,11,8,27,6,SubBytes,3616.391,2,19.149,14.099,5.7e-05,131072,5.7e-05,0
2026-09-07T16:38:46+02:00,11,4,2048,1024,1788791926622071815,9,2,nosq (x+y-2xy),Cleaning (2 lv),2,XorThenClean,"half (demi-spectre, k lv)",4,31,38,11,8,28,6,Refresh,23675.873,11,15.739,10.378,0.000751,131072,0.000751,0
2026-09-07T16:38:46+02:00,11,4,2048,1024,1788791926622071815,9,2,nosq (x+y-2xy),Cleaning (2 lv),2,XorThenClean,"half (demi-spectre, k lv)",4,31,38,11,8,29,6,MixColumns,1762.619,8,13.631,9.331,0.001553,131072,0.001553,0
2026-09-07T16:38:46+02:00,11,4,2048,1024,1788791926622071815,9,2,nosq (x+y-2xy),Cleaning (2 lv),2,XorThenClean,"half (demi-spectre, k lv)",4,31,38,11,8,30,6,AddRoundKey,308.797,7,13.631,9.331,0.001553,131072,0.001553,0
2026-09-07T16:38:46+02:00,11,4,2048,1024,1788791926622071815,9,2,nosq (x+y-2xy),Cleaning (2 lv),2,XorThenClean,"half (demi-spectre, k lv)",4,31,38,11,8,31,6,Cleaning,528.139,5,25.373,17.075,7e-06,131072,7e-06,0
2026-09-07T16:38:46+02:00,11,4,2048,1024,1788791926622071815,9,2,nosq (x+y-2xy),Cleaning (2 lv),2,XorThenClean,"half (demi-spectre, k lv)",4,31,38,11,8,32,7,SubBytes,3581.632,2,19.15,14.105,5.7e-05,131072,5.7e-05,0
2026-09-07T16:38:46+02:00,11,4,2048,1024,1788791926622071815,9,2,nosq (x+y-2xy),Cleaning (2 lv),2,XorThenClean,"half (demi-spectre, k lv)",4,31,38,11,8,33,7,Refresh,23774.089,11,15.726,10.354,0.000764,131072,0.000764,0
2026-09-07T16:38:46+02:00,11,4,2048,1024,1788791926622071815,9,2,nosq (x+y-2xy),Cleaning (2 lv),2,XorThenClean,"half (demi-spectre, k lv)",4,31,38,11,8,34,7,MixColumns,1787.044,8,13.629,9.722,0.001184,131072,0.001184,0
2026-09-07T16:38:46+02:00,11,4,2048,1024,1788791926622071815,9,2,nosq (x+y-2xy),Cleaning (2 lv),2,XorThenClean,"half (demi-spectre, k lv)",4,31,38,11,8,35,7,AddRoundKey,318.03,7,13.629,9.722,0.001184,131072,0.001184,0
2026-09-07T16:38:46+02:00,11,4,2048,1024,1788791926622071815,9,2,nosq (x+y-2xy),Cleaning (2 lv),2,XorThenClean,"half (demi-spectre, k lv)",4,31,38,11,8,36,7,Cleaning,538.314,5,25.364,17.857,4e-06,131072,4e-06,0
2026-09-07T16:38:46+02:00,11,4,2048,1024,1788791926622071815,9,2,nosq (x+y-2xy),Cleaning (2 lv),2,XorThenClean,"half (demi-spectre, k lv)",4,31,38,11,8,37,8,SubBytes,3588.006,2,19.131,14.083,5.8e-05,131072,5.8e-05,0
2026-09-07T16:38:46+02:00,11,4,2048,1024,1788791926622071815,9,2,nosq (x+y-2xy),Cleaning (2 lv),2,XorThenClean,"half (demi-spectre, k lv)",4,31,38,11,8,38,8,Refresh,23591.473,11,15.716,10.327,0.000779,131072,0.000779,0
2026-09-07T16:38:46+02:00,11,4,2048,1024,1788791926622071815,9,2,nosq (x+y-2xy),Cleaning (2 lv),2,XorThenClean,"half (demi-spectre, k lv)",4,31,38,11,8,39,8,MixColumns,1815.388,8,13.627,9.471,0.001409,131072,0.001409,0
2026-09-07T16:38:46+02:00,11,4,2048,1024,1788791926622071815,9,2,nosq (x+y-2xy),Cleaning (2 lv),2,XorThenClean,"half (demi-spectre, k lv)",4,31,38,11,8,40,8,AddRoundKey,324.491,7,13.627,9.471,0.001409,131072,0.001409,0
2026-09-07T16:38:46+02:00,11,4,2048,1024,1788791926622071815,9,2,nosq (x+y-2xy),Cleaning (2 lv),2,XorThenClean,"half (demi-spectre, k lv)",4,31,38,11,8,41,8,Cleaning,558.052,5,25.374,17.355,6e-06,131072,6e-06,0
2026-09-07T16:38:46+02:00,11,4,2048,1024,1788791926622071815,9,2,nosq (x+y-2xy),Cleaning (2 lv),2,XorThenClean,"half (demi-spectre, k lv)",4,31,38,11,8,42,9,SubBytes,3682.095,2,19.142,14.047,5.9e-05,131072,5.9e-05,0
2026-09-07T16:38:46+02:00,11,4,2048,1024,1788791926622071815,9,2,nosq (x+y-2xy),Cleaning (2 lv),2,XorThenClean,"half (demi-spectre, k lv)",4,31,38,11,8,43,9,Refresh,24087.828,11,15.738,10.374,0.000753,131072,0.000753,0
2026-09-07T16:38:46+02:00,11,4,2048,1024,1788791926622071815,9,2,nosq (x+y-2xy),Cleaning (2 lv),2,XorThenClean,"half (demi-spectre, k lv)",4,31,38,11,8,44,9,MixColumns,1707.975,8,13.652,9.478,0.001402,131072,0.001402,0
2026-09-07T16:38:46+02:00,11,4,2048,1024,1788791926622071815,9,2,nosq (x+y-2xy),Cleaning (2 lv),2,XorThenClean,"half (demi-spectre, k lv)",4,31,38,11,8,45,9,AddRoundKey,309.043,7,13.652,9.478,0.001402,131072,0.001402,0
2026-09-07T16:38:46+02:00,11,4,2048,1024,1788791926622071815,9,2,nosq (x+y-2xy),Cleaning (2 lv),2,XorThenClean,"half (demi-spectre, k lv)",4,31,38,11,8,46,9,Cleaning,534.346,5,25.415,17.372,6e-06,131072,6e-06,0
2026-09-07T16:38:46+02:00,11,4,2048,1024,1788791926622071815,9,2,nosq (x+y-2xy),Cleaning (2 lv),2,XorThenClean,"half (demi-spectre, k lv)",4,31,38,11,8,47,10,SubBytes,3780.494,2,19.14,14.099,5.7e-05,131072,5.7e-05,0
2026-09-07T16:38:46+02:00,11,4,2048,1024,1788791926622071815,9,2,nosq (x+y-2xy),Cleaning (2 lv),2,XorThenClean,"half (demi-spectre, k lv)",4,31,38,11,8,48,10,Refresh,24017.083,11,15.742,10.385,0.000748,131072,0.000748,0
2026-09-07T16:38:46+02:00,11,4,2048,1024,1788791926622071815,9,2,nosq (x+y-2xy),Cleaning (2 lv),2,XorThenClean,"half (demi-spectre, k lv)",4,31,38,11,8,49,10,AddRoundKey,391.855,10,15.742,10.385,0.000748,131072,0.000748,0
2026-09-07T16:38:46+02:00,11,4,2048,1024,1788791926622071815,9,2,nosq (x+y-2xy),Cleaning (2 lv),2,XorThenClean,"half (demi-spectre, k lv)",4,31,38,11,8,50,10,Cleaning,741.398,8,28.287,19.187,2e-06,131072,2e-06,0
2026-09-07T16:59:05+02:00,12,4,4096,2048,1788793145584114881,9,2,nosq (x+y-2xy),Cleaning (2 lv),2,XorThenClean,"half (demi-spectre, k lv)",4,31,38,11,8,1,0,FirstRound,317.286,5,29.871,25.048,0.0,262144,0.0,0
2026-09-07T16:59:05+02:00,12,4,4096,2048,1788793145584114881,9,2,nosq (x+y-2xy),Cleaning (2 lv),2,XorThenClean,"half (demi-spectre, k lv)",4,31,38,11,8,2,1,SubBytes,7313.881,2,19.162,13.653,7.8e-05,262144,7.8e-05,0
2026-09-07T16:59:05+02:00,12,4,4096,2048,1788793145584114881,9,2,nosq (x+y-2xy),Cleaning (2 lv),2,XorThenClean,"half (demi-spectre, k lv)",4,31,38,11,8,3,1,Refresh,58407.218,11,13.924,9.828,0.0011,262144,0.0011,0
2026-09-07T16:59:05+02:00,12,4,4096,2048,1788793145584114881,9,2,nosq (x+y-2xy),Cleaning (2 lv),2,XorThenClean,"half (demi-spectre, k lv)",4,31,38,11,8,4,1,MixColumns,3870.859,8,10.928,8.573,0.002626,262144,0.002626,0
2026-09-07T16:59:05+02:00,12,4,4096,2048,1788793145584114881,9,2,nosq (x+y-2xy),Cleaning (2 lv),2,XorThenClean,"half (demi-spectre, k lv)",4,31,38,11,8,5,1,AddRoundKey,678.745,7,10.928,8.573,0.002626,262144,0.002626,0
2026-09-07T16:59:05+02:00,12,4,4096,2048,1788793145584114881,9,2,nosq (x+y-2xy),Cleaning (2 lv),2,XorThenClean,"half (demi-spectre, k lv)",4,31,38,11,8,6,1,Cleaning,1163.782,5,20.244,15.563,2.1e-05,262144,2.1e-05,0
2026-09-07T16:59:05+02:00,12,4,4096,2048,1788793145584114881,9,2,nosq (x+y-2xy),Cleaning (2 lv),2,XorThenClean,"half (demi-spectre, k lv)",4,31,38,11,8,7,2,SubBytes,7505.996,2,15.53,12.812,0.000139,262144,0.000139,0
2026-09-07T16:59:05+02:00,12,4,4096,2048,1788793145584114881,9,2,nosq (x+y-2xy),Cleaning (2 lv),2,XorThenClean,"half (demi-spectre, k lv)",4,31,38,11,8,8,2,Refresh,56781.771,11,12.203,8.338,0.003091,262144,0.003091,0
2026-09-07T16:59:05+02:00,12,4,4096,2048,1788793145584114881,9,2,nosq (x+y-2xy),Cleaning (2 lv),2,XorThenClean,"half (demi-spectre, k lv)",4,31,38,11,8,9,2,MixColumns,3876.097,8,10.489,7.168,0.006956,262144,0.006956,0
2026-09-07T16:59:05+02:00,12,4,4096,2048,1788793145584114881,9,2,nosq (x+y-2xy),Cleaning (2 lv),2,XorThenClean,"half (demi-spectre, k lv)",4,31,38,11,8,10,2,AddRoundKey,674.913,7,10.489,7.168,0.006956,262144,0.006956,0
2026-09-07T16:59:05+02:00,12,4,4096,2048,1788793145584114881,9,2,nosq (x+y-2xy),Cleaning (2 lv),2,XorThenClean,"half (demi-spectre, k lv)",4,31,38,11,8,11,2,Cleaning,1159.146,5,19.356,12.757,0.000144,262144,0.000144,0
2026-09-07T16:59:05+02:00,12,4,4096,2048,1788793145584114881,9,2,nosq (x+y-2xy),Cleaning (2 lv),2,XorThenClean,"half (demi-spectre, k lv)",4,31,38,11,8,12,3,SubBytes,7541.251,2,14.916,11.618,0.000318,262144,0.000318,0
2026-09-07T16:59:05+02:00,12,4,4096,2048,1788793145584114881,9,2,nosq (x+y-2xy),Cleaning (2 lv),2,XorThenClean,"half (demi-spectre, k lv)",4,31,38,11,8,13,3,Refresh,56393.845,11,11.922,7.736,0.004691,262144,0.004691,0
2026-09-07T16:59:05+02:00,12,4,4096,2048,1788793145584114881,9,2,nosq (x+y-2xy),Cleaning (2 lv),2,XorThenClean,"half (demi-spectre, k lv)",4,31,38,11,8,14,3,MixColumns,3854.48,8,10.303,6.96,0.00803,262144,0.00803,0
2026-09-07T16:59:05+02:00,12,4,4096,2048,1788793145584114881,9,2,nosq (x+y-2xy),Cleaning (2 lv),2,XorThenClean,"half (demi-spectre, k lv)",4,31,38,11,8,15,3,AddRoundKey,665.728,7,10.303,6.96,0.00803,262144,0.00803,0
2026-09-07T16:59:05+02:00,12,4,4096,2048,1788793145584114881,9,2,nosq (x+y-2xy),Cleaning (2 lv),2,XorThenClean,"half (demi-spectre, k lv)",4,31,38,11,8,16,3,Cleaning,1144.983,5,18.989,12.344,0.000192,262144,0.000192,0
2026-09-07T16:59:05+02:00,12,4,4096,2048,1788793145584114881,9,2,nosq (x+y-2xy),Cleaning (2 lv),2,XorThenClean,"half (demi-spectre, k lv)",4,31,38,11,8,17,4,SubBytes,7325.517,2,14.69,11.263,0.000407,262144,0.000407,0
2026-09-07T16:59:05+02:00,12,4,4096,2048,1788793145584114881,9,2,nosq (x+y-2xy),Cleaning (2 lv),2,XorThenClean,"half (demi-spectre, k lv)",4,31,38,11,8,18,4,Refresh,57065.509,11,11.798,7.222,0.006698,262144,0.006698,0
2026-09-07T16:59:05+02:00,12,4,4096,2048,1788793145584114881,9,2,nosq (x+y-2xy),Cleaning (2 lv),2,XorThenClean,"half (demi-spectre, k lv)",4,31,38,11,8,19,4,MixColumns,3863.234,8,10.198,6.552,0.010658,262144,0.010658,0
2026-09-07T16:59:05+02:00,12,4,4096,2048,1788793145584114881,9,2,nosq (x+y-2xy),Cleaning (2 lv),2,XorThenClean,"half (demi-spectre, k lv)",4,31,38,11,8,20,4,AddRoundKey,673.322,7,10.198,6.552,0.010658,262144,0.010658,0
2026-09-07T16:59:05+02:00,12,4,4096,2048,1788793145584114881,9,2,nosq (x+y-2xy),Cleaning (2 lv),2,XorThenClean,"half (demi-spectre, k lv)",4,31,38,11,8,21,4,Cleaning,1155.102,5,18.78,11.509,0.000343,262144,0.000343,0
2026-09-07T16:59:05+02:00,12,4,4096,2048,1788793145584114881,9,2,nosq (x+y-2xy),Cleaning (2 lv),2,XorThenClean,"half (demi-spectre, k lv)",4,31,38,11,8,22,5,SubBytes,7605.572,2,14.552,10.442,0.000719,262144,0.000719,0
2026-09-07T16:59:05+02:00,12,4,4096,2048,1788793145584114881,9,2,nosq (x+y-2xy),Cleaning (2 lv),2,XorThenClean,"half (demi-spectre, k lv)",4,31,38,11,8,23,5,Refresh,57062.047,11,11.704,6.301,0.012686,262144,0.012686,0
2026-09-07T16:59:05+02:00,12,4,4096,2048,1788793145584114881,9,2,nosq (x+y-2xy),Cleaning (2 lv),2,XorThenClean,"half (demi-spectre, k lv)",4,31,38,11,8,24,5,MixColumns,3883.915,8,10.106,5.82,0.017698,262144,0.017698,0
2026-09-07T16:59:05+02:00,12,4,4096,2048,1788793145584114881,9,2,nosq (x+y-2xy),Cleaning (2 lv),2,XorThenClean,"half (demi-spectre, k lv)",4,31,38,11,8,25,5,AddRoundKey,680.015,7,10.106,5.82,0.017698,262144,0.017698,0
2026-09-07T16:59:05+02:00,12,4,4096,2048,1788793145584114881,9,2,nosq (x+y-2xy),Cleaning (2 lv),2,XorThenClean,"half (demi-spectre, k lv)",4,31,38,11,8,26,5,Cleaning,1169.841,5,18.598,10.039,0.000951,262144,0.000951,0
2026-09-07T16:59:05+02:00,12,4,4096,2048,1788793145584114881,9,2,nosq (x+y-2xy),Cleaning (2 lv),2,XorThenClean,"half (demi-spectre, k lv)",4,31,38,11,8,27,6,SubBytes,7572.327,2,14.434,9.195,0.001706,262144,0.001706,0
2026-09-07T16:59:05+02:00,12,4,4096,2048,1788793145584114881,9,2,nosq (x+y-2xy),Cleaning (2 lv),2,XorThenClean,"half (demi-spectre, k lv)",4,31,38,11,8,28,6,Refresh,56552.99,11,11.625,5.019,0.030841,262144,0.030841,0
2026-09-07T16:59:05+02:00,12,4,4096,2048,1788793145584114881,9,2,nosq (x+y-2xy),Cleaning (2 lv),2,XorThenClean,"half (demi-spectre, k lv)",4,31,38,11,8,29,6,MixColumns,3786.081,8,10.032,4.646,0.039945,262144,0.039945,0
2026-09-07T16:59:05+02:00,12,4,4096,2048,1788793145584114881,9,2,nosq (x+y-2xy),Cleaning (2 lv),2,XorThenClean,"half (demi-spectre, k lv)",4,31,38,11,8,30,6,AddRoundKey,674.042,7,10.032,4.646,0.039945,262144,0.039945,0
2026-09-07T16:59:05+02:00,12,4,4096,2048,1788793145584114881,9,2,nosq (x+y-2xy),Cleaning (2 lv),2,XorThenClean,"half (demi-spectre, k lv)",4,31,38,11,8,31,6,Cleaning,1188.487,5,18.451,7.746,0.004659,262144,0.004659,0
2026-09-07T16:59:05+02:00,12,4,4096,2048,1788793145584114881,9,2,nosq (x+y-2xy),Cleaning (2 lv),2,XorThenClean,"half (demi-spectre, k lv)",4,31,38,11,8,32,7,SubBytes,7619.879,2,14.321,6.999,0.007818,262144,0.007818,0
2026-09-07T16:59:05+02:00,12,4,4096,2048,1788793145584114881,9,2,nosq (x+y-2xy),Cleaning (2 lv),2,XorThenClean,"half (demi-spectre, k lv)",4,31,38,11,8,33,7,Refresh,57430.095,11,11.531,3.621,0.081281,262144,0.081281,0
2026-09-07T16:59:05+02:00,12,4,4096,2048,1788793145584114881,9,2,nosq (x+y-2xy),Cleaning (2 lv),2,XorThenClean,"half (demi-spectre, k lv)",4,31,38,11,8,34,7,MixColumns,3871.274,8,9.934,2.416,0.187439,262144,0.187439,0
2026-09-07T16:59:05+02:00,12,4,4096,2048,1788793145584114881,9,2,nosq (x+y-2xy),Cleaning (2 lv),2,XorThenClean,"half (demi-spectre, k lv)",4,31,38,11,8,35,7,AddRoundKey,650.811,7,9.934,2.416,0.187439,262144,0.187439,0
2026-09-07T16:59:05+02:00,12,4,4096,2048,1788793145584114881,9,2,nosq (x+y-2xy),Cleaning (2 lv),2,XorThenClean,"half (demi-spectre, k lv)",4,31,38,11,8,36,7,Cleaning,1105.817,5,18.255,3.076,0.118571,262144,0.118571,0
2026-09-07T16:59:05+02:00,12,4,4096,2048,1788793145584114881,9,2,nosq (x+y-2xy),Cleaning (2 lv),2,XorThenClean,"half (demi-spectre, k lv)",4,31,38,11,8,37,8,SubBytes,7493.492,2,14.173,2.394,0.190229,262144,0.190229,0
2026-09-07T16:59:05+02:00,12,4,4096,2048,1788793145584114881,9,2,nosq (x+y-2xy),Cleaning (2 lv),2,XorThenClean,"half (demi-spectre, k lv)",4,31,38,11,8,38,8,Refresh,55834.19,11,11.402,-0.58,1.494517,262144,0.499608,3
2026-09-07T16:59:05+02:00,12,4,4096,2048,1788793145584114881,9,2,nosq (x+y-2xy),Cleaning (2 lv),2,XorThenClean,"half (demi-spectre, k lv)",4,31,38,11,8,39,8,MixColumns,3914.087,8,9.796,-1.006,2.007761,262144,1.11334,3
2026-09-07T16:59:05+02:00,12,4,4096,2048,1788793145584114881,9,2,nosq (x+y-2xy),Cleaning (2 lv),2,XorThenClean,"half (demi-spectre, k lv)",4,31,38,11,8,40,8,AddRoundKey,696.454,7,9.796,-1.006,2.007761,262144,1.11334,3
2026-09-07T16:59:05+02:00,12,4,4096,2048,1788793145584114881,9,2,nosq (x+y-2xy),Cleaning (2 lv),2,XorThenClean,"half (demi-spectre, k lv)",4,31,38,11,8,41,8,Cleaning,1120.618,5,17.984,-2.696,6.478612,262144,5.478612,4
2026-09-07T16:59:05+02:00,12,4,4096,2048,1788793145584114881,9,2,nosq (x+y-2xy),Cleaning (2 lv),2,XorThenClean,"half (demi-spectre, k lv)",4,31,38,11,8,42,9,SubBytes,7469.845,2,13.961,-1.301,2.463175,262144,2.463175,4
2026-09-07T16:59:05+02:00,12,4,4096,2048,1788793145584114881,9,2,nosq (x+y-2xy),Cleaning (2 lv),2,XorThenClean,"half (demi-spectre, k lv)",4,31,38,11,8,43,9,Refresh,58523.31,11,11.231,-0.574,1.488306,262144,0.49966,8
2026-09-07T16:59:05+02:00,12,4,4096,2048,1788793145584114881,9,2,nosq (x+y-2xy),Cleaning (2 lv),2,XorThenClean,"half (demi-spectre, k lv)",4,31,38,11,8,44,9,MixColumns,3956.221,8,9.608,-1.764,3.39531,262144,3.27804,8
2026-09-07T16:59:05+02:00,12,4,4096,2048,1788793145584114881,9,2,nosq (x+y-2xy),Cleaning (2 lv),2,XorThenClean,"half (demi-spectre, k lv)",4,31,38,11,8,45,9,AddRoundKey,695.752,7,9.608,-1.764,3.39531,262144,3.27804,8
2026-09-07T16:59:05+02:00,12,4,4096,2048,1788793145584114881,9,2,nosq (x+y-2xy),Cleaning (2 lv),2,XorThenClean,"half (demi-spectre, k lv)",4,31,38,11,8,46,9,Cleaning,1188.234,5,17.611,-6.682,102.685317,262144,101.685317,14
2026-09-07T16:59:05+02:00,12,4,4096,2048,1788793145584114881,9,2,nosq (x+y-2xy),Cleaning (2 lv),2,XorThenClean,"half (demi-spectre, k lv)",4,31,38,11,8,47,10,SubBytes,7676.011,2,13.652,-12.837,7315.454773,262144,7314.454773,14
2026-09-07T16:59:05+02:00,12,4,4096,2048,1788793145584114881,9,2,nosq (x+y-2xy),Cleaning (2 lv),2,XorThenClean,"half (demi-spectre, k lv)",4,31,38,11,8,48,10,Refresh,57525.058,11,10.954,-0.581,1.496261,262144,0.499929,33
2026-09-07T16:59:05+02:00,12,4,4096,2048,1788793145584114881,9,2,nosq (x+y-2xy),Cleaning (2 lv),2,XorThenClean,"half (demi-spectre, k lv)",4,31,38,11,8,49,10,AddRoundKey,832.671,10,10.954,-0.581,1.496261,262144,0.499929,33
2026-09-07T16:59:05+02:00,12,4,4096,2048,1788793145584114881,9,2,nosq (x+y-2xy),Cleaning (2 lv),2,XorThenClean,"half (demi-spectre, k lv)",4,31,38,11,8,50,10,Cleaning,1576.387,8,20.251,0.0,1.0,262144,0.499894,38
2026-09-07T17:21:44+02:00,11,4,2048,1024,1788794504653451937,9,2,nosq (x+y-2xy),Cleaning (2 lv),2,XorThenClean,"clean (interp+cleaning, k+1 lv)",5,32,38,11,8,1,0,FirstRound,128.145,5,30.379,26.085,0.0,131072,0.0,0
2026-09-07T17:21:44+02:00,11,4,2048,1024,1788794504653451937,9,2,nosq (x+y-2xy),Cleaning (2 lv),2,XorThenClean,"clean (interp+cleaning, k+1 lv)",5,32,38,11,8,2,1,SubBytes,3302.167,2,19.341,14.116,5.6e-05,131072,5.6e-05,0
2026-09-07T17:21:44+02:00,11,4,2048,1024,1788794504653451937,9,2,nosq (x+y-2xy),Cleaning (2 lv),2,XorThenClean,"clean (interp+cleaning, k+1 lv)",5,32,38,11,8,3,1,Refresh,27222.72,11,22.31,16.665,1e-05,131072,1e-05,0
2026-09-07T17:21:44+02:00,11,4,2048,1024,1788794504653451937,9,2,nosq (x+y-2xy),Cleaning (2 lv),2,XorThenClean,"clean (interp+cleaning, k+1 lv)",5,32,38,11,8,4,1,MixColumns,1742.633,8,15.489,13.861,6.7e-05,131072,6.7e-05,0
2026-09-07T17:21:44+02:00,11,4,2048,1024,1788794504653451937,9,2,nosq (x+y-2xy),Cleaning (2 lv),2,XorThenClean,"clean (interp+cleaning, k+1 lv)",5,32,38,11,8,5,1,AddRoundKey,301.963,7,15.488,13.861,6.7e-05,131072,6.7e-05,0
2026-09-07T17:21:44+02:00,11,4,2048,1024,1788794504653451937,9,2,nosq (x+y-2xy),Cleaning (2 lv),2,XorThenClean,"clean (interp+cleaning, k+1 lv)",5,32,38,11,8,6,1,Cleaning,519.584,5,28.608,24.444,0.0,131072,0.0,0
2026-09-07T17:21:44+02:00,11,4,2048,1024,1788794504653451937,9,2,nosq (x+y-2xy),Cleaning (2 lv),2,XorThenClean,"clean (interp+cleaning, k+1 lv)",5,32,38,11,8,7,2,SubBytes,3635.372,2,19.736,14.124,5.6e-05,131072,5.6e-05,0
2026-09-07T17:21:44+02:00,11,4,2048,1024,1788794504653451937,9,2,nosq (x+y-2xy),Cleaning (2 lv),2,XorThenClean,"clean (interp+cleaning, k+1 lv)",5,32,38,11,8,8,2,Refresh,29108.135,11,23.876,19.188,2e-06,131072,2e-06,0
2026-09-07T17:21:44+02:00,11,4,2048,1024,1788794504653451937,9,2,nosq (x+y-2xy),Cleaning (2 lv),2,XorThenClean,"clean (interp+cleaning, k+1 lv)",5,32,38,11,8,9,2,MixColumns,1852.239,8,18.488,16.877,8e-06,131072,8e-06,0
2026-09-07T17:21:44+02:00,11,4,2048,1024,1788794504653451937,9,2,nosq (x+y-2xy),Cleaning (2 lv),2,XorThenClean,"clean (interp+cleaning, k+1 lv)",5,32,38,11,8,10,2,AddRoundKey,318.493,7,18.488,16.877,8e-06,131072,8e-06,0
2026-09-07T17:21:44+02:00,11,4,2048,1024,1788794504653451937,9,2,nosq (x+y-2xy),Cleaning (2 lv),2,XorThenClean,"clean (interp+cleaning, k+1 lv)",5,32,38,11,8,11,2,Cleaning,565.632,5,29.827,24.398,0.0,131072,0.0,0
2026-09-07T17:21:44+02:00,11,4,2048,1024,1788794504653451937,9,2,nosq (x+y-2xy),Cleaning (2 lv),2,XorThenClean,"clean (interp+cleaning, k+1 lv)",5,32,38,11,8,12,3,SubBytes,3755.683,2,19.759,14.124,5.6e-05,131072,5.6e-05,0
2026-09-07T17:21:44+02:00,11,4,2048,1024,1788794504653451937,9,2,nosq (x+y-2xy),Cleaning (2 lv),2,XorThenClean,"clean (interp+cleaning, k+1 lv)",5,32,38,11,8,13,3,Refresh,28574.0,11,23.875,19.191,2e-06,131072,2e-06,0
2026-09-07T17:21:44+02:00,11,4,2048,1024,1788794504653451937,9,2,nosq (x+y-2xy),Cleaning (2 lv),2,XorThenClean,"clean (interp+cleaning, k+1 lv)",5,32,38,11,8,14,3,MixColumns,1763.764,8,18.484,16.866,8e-06,131072,8e-06,0
2026-09-07T17:21:44+02:00,11,4,2048,1024,1788794504653451937,9,2,nosq (x+y-2xy),Cleaning (2 lv),2,XorThenClean,"clean (interp+cleaning, k+1 lv)",5,32,38,11,8,15,3,AddRoundKey,313.161,7,18.484,16.866,8e-06,131072,8e-06,0
2026-09-07T17:21:44+02:00,11,4,2048,1024,1788794504653451937,9,2,nosq (x+y-2xy),Cleaning (2 lv),2,XorThenClean,"clean (interp+cleaning, k+1 lv)",5,32,38,11,8,16,3,Cleaning,533.861,5,29.833,24.574,0.0,131072,0.0,0
2026-09-07T17:21:44+02:00,11,4,2048,1024,1788794504653451937,9,2,nosq (x+y-2xy),Cleaning (2 lv),2,XorThenClean,"clean (interp+cleaning, k+1 lv)",5,32,38,11,8,17,4,SubBytes,3646.276,2,19.779,14.121,5.6e-05,131072,5.6e-05,0
2026-09-07T17:21:44+02:00,11,4,2048,1024,1788794504653451937,9,2,nosq (x+y-2xy),Cleaning (2 lv),2,XorThenClean,"clean (interp+cleaning, k+1 lv)",5,32,38,11,8,18,4,Refresh,29885.444,11,23.874,19.189,2e-06,131072,2e-06,0
2026-09-07T17:21:44+02:00,11,4,2048,1024,1788794504653451937,9,2,nosq (x+y-2xy),Cleaning (2 lv),2,XorThenClean,"clean (interp+cleaning, k+1 lv)",5,32,38,11,8,19,4,MixColumns,1924.794,8,18.485,16.836,9e-06,131072,9e-06,0
2026-09-07T17:21:44+02:00,11,4,2048,1024,1788794504653451937,9,2,nosq (x+y-2xy),Cleaning (2 lv),2,XorThenClean,"clean (interp+cleaning, k+1 lv)",5,32,38,11,8,20,4,AddRoundKey,333.823,7,18.485,16.836,9e-06,131072,9e-06,0
2026-09-07T17:21:44+02:00,11,4,2048,1024,1788794504653451937,9,2,nosq (x+y-2xy),Cleaning (2 lv),2,XorThenClean,"clean (interp+cleaning, k+1 lv)",5,32,38,11,8,21,4,Cleaning,574.179,5,29.831,24.386,0.0,131072,0.0,0
2026-09-07T17:21:44+02:00,11,4,2048,1024,1788794504653451937,9,2,nosq (x+y-2xy),Cleaning (2 lv),2,XorThenClean,"clean (interp+cleaning, k+1 lv)",5,32,38,11,8,22,5,SubBytes,3781.122,2,19.775,14.121,5.6e-05,131072,5.6e-05,0
2026-09-07T17:21:44+02:00,11,4,2048,1024,1788794504653451937,9,2,nosq (x+y-2xy),Cleaning (2 lv),2,XorThenClean,"clean (interp+cleaning, k+1 lv)",5,32,38,11,8,23,5,Refresh,29481.583,11,23.867,19.199,2e-06,131072,2e-06,0
2026-09-07T17:21:44+02:00,11,4,2048,1024,1788794504653451937,9,2,nosq (x+y-2xy),Cleaning (2 lv),2,XorThenClean,"clean (interp+cleaning, k+1 lv)",5,32,38,11,8,24,5,MixColumns,1918.824,8,18.492,16.86,8e-06,131072,8e-06,0
2026-09-07T17:21:44+02:00,11,4,2048,1024,1788794504653451937,9,2,nosq (x+y-2xy),Cleaning (2 lv),2,XorThenClean,"clean (interp+cleaning, k+1 lv)",5,32,38,11,8,25,5,AddRoundKey,334.395,7,18.492,16.86,8e-06,131072,8e-06,0
2026-09-07T17:21:44+02:00,11,4,2048,1024,1788794504653451937,9,2,nosq (x+y-2xy),Cleaning (2 lv),2,XorThenClean,"clean (interp+cleaning, k+1 lv)",5,32,38,11,8,26,5,Cleaning,562.932,5,29.822,24.281,0.0,131072,0.0,0
2026-09-07T17:21:44+02:00,11,4,2048,1024,1788794504653451937,9,2,nosq (x+y-2xy),Cleaning (2 lv),2,XorThenClean,"clean (interp+cleaning, k+1 lv)",5,32,38,11,8,27,6,SubBytes,3868.413,2,19.792,14.127,5.6e-05,131072,5.6e-05,0
2026-09-07T17:21:44+02:00,11,4,2048,1024,1788794504653451937,9,2,nosq (x+y-2xy),Cleaning (2 lv),2,XorThenClean,"clean (interp+cleaning, k+1 lv)",5,32,38,11,8,28,6,Refresh,29991.635,11,23.866,19.191,2e-06,131072,2e-06,0
2026-09-07T17:21:44+02:00,11,4,2048,1024,1788794504653451937,9,2,nosq (x+y-2xy),Cleaning (2 lv),2,XorThenClean,"clean (interp+cleaning, k+1 lv)",5,32,38,11,8,29,6,MixColumns,1846.048,8,18.48,16.863,8e-06,131072,8e-06,0
2026-09-07T17:21:44+02:00,11,4,2048,1024,1788794504653451937,9,2,nosq (x+y-2xy),Cleaning (2 lv),2,XorThenClean,"clean (interp+cleaning, k+1 lv)",5,32,38,11,8,30,6,AddRoundKey,334.599,7,18.48,16.863,8e-06,131072,8e-06,0
2026-09-07T17:21:44+02:00,11,4,2048,1024,1788794504653451937,9,2,nosq (x+y-2xy),Cleaning (2 lv),2,XorThenClean,"clean (interp+cleaning, k+1 lv)",5,32,38,11,8,31,6,Cleaning,560.488,5,29.822,24.341,0.0,131072,0.0,0
2026-09-07T17:21:44+02:00,11,4,2048,1024,1788794504653451937,9,2,nosq (x+y-2xy),Cleaning (2 lv),2,XorThenClean,"clean (interp+cleaning, k+1 lv)",5,32,38,11,8,32,7,SubBytes,3780.977,2,19.8,14.123,5.6e-05,131072,5.6e-05,0
2026-09-07T17:21:44+02:00,11,4,2048,1024,1788794504653451937,9,2,nosq (x+y-2xy),Cleaning (2 lv),2,XorThenClean,"clean (interp+cleaning, k+1 lv)",5,32,38,11,8,33,7,Refresh,30013.219,11,23.868,19.189,2e-06,131072,2e-06,0
2026-09-07T17:21:44+02:00,11,4,2048,1024,1788794504653451937,9,2,nosq (x+y-2xy),Cleaning (2 lv),2,XorThenClean,"clean (interp+cleaning, k+1 lv)",5,32,38,11,8,34,7,MixColumns,1914.138,8,18.479,16.854,8e-06,131072,8e-06,0
2026-09-07T17:21:44+02:00,11,4,2048,1024,1788794504653451937,9,2,nosq (x+y-2xy),Cleaning (2 lv),2,XorThenClean,"clean (interp+cleaning, k+1 lv)",5,32,38,11,8,35,7,AddRoundKey,328.571,7,18.478,16.854,8e-06,131072,8e-06,0
2026-09-07T17:21:44+02:00,11,4,2048,1024,1788794504653451937,9,2,nosq (x+y-2xy),Cleaning (2 lv),2,XorThenClean,"clean (interp+cleaning, k+1 lv)",5,32,38,11,8,36,7,Cleaning,570.957,5,29.833,24.276,0.0,131072,0.0,0
2026-09-07T17:21:44+02:00,11,4,2048,1024,1788794504653451937,9,2,nosq (x+y-2xy),Cleaning (2 lv),2,XorThenClean,"clean (interp+cleaning, k+1 lv)",5,32,38,11,8,37,8,SubBytes,3846.248,2,19.776,14.126,5.6e-05,131072,5.6e-05,0
2026-09-07T17:21:44+02:00,11,4,2048,1024,1788794504653451937,9,2,nosq (x+y-2xy),Cleaning (2 lv),2,XorThenClean,"clean (interp+cleaning, k+1 lv)",5,32,38,11,8,38,8,Refresh,30009.031,11,23.872,19.193,2e-06,131072,2e-06,0
2026-09-07T17:21:44+02:00,11,4,2048,1024,1788794504653451937,9,2,nosq (x+y-2xy),Cleaning (2 lv),2,XorThenClean,"clean (interp+cleaning, k+1 lv)",5,32,38,11,8,39,8,MixColumns,1917.36,8,18.491,16.88,8e-06,131072,8e-06,0
2026-09-07T17:21:44+02:00,11,4,2048,1024,1788794504653451937,9,2,nosq (x+y-2xy),Cleaning (2 lv),2,XorThenClean,"clean (interp+cleaning, k+1 lv)",5,32,38,11,8,40,8,AddRoundKey,313.301,7,18.491,16.88,8e-06,131072,8e-06,0
2026-09-07T17:21:44+02:00,11,4,2048,1024,1788794504653451937,9,2,nosq (x+y-2xy),Cleaning (2 lv),2,XorThenClean,"clean (interp+cleaning, k+1 lv)",5,32,38,11,8,41,8,Cleaning,546.294,5,29.826,24.406,0.0,131072,0.0,0
2026-09-07T17:21:44+02:00,11,4,2048,1024,1788794504653451937,9,2,nosq (x+y-2xy),Cleaning (2 lv),2,XorThenClean,"clean (interp+cleaning, k+1 lv)",5,32,38,11,8,42,9,SubBytes,3917.443,2,19.777,14.124,5.6e-05,131072,5.6e-05,0
2026-09-07T17:21:44+02:00,11,4,2048,1024,1788794504653451937,9,2,nosq (x+y-2xy),Cleaning (2 lv),2,XorThenClean,"clean (interp+cleaning, k+1 lv)",5,32,38,11,8,43,9,Refresh,30467.847,11,23.878,19.196,2e-06,131072,2e-06,0
2026-09-07T17:21:44+02:00,11,4,2048,1024,1788794504653451937,9,2,nosq (x+y-2xy),Cleaning (2 lv),2,XorThenClean,"clean (interp+cleaning, k+1 lv)",5,32,38,11,8,44,9,MixColumns,1948.837,8,18.491,16.882,8e-06,131072,8e-06,0
2026-09-07T17:21:44+02:00,11,4,2048,1024,1788794504653451937,9,2,nosq (x+y-2xy),Cleaning (2 lv),2,XorThenClean,"clean (interp+cleaning, k+1 lv)",5,32,38,11,8,45,9,AddRoundKey,340.162,7,18.491,16.882,8e-06,131072,8e-06,0
2026-09-07T17:21:44+02:00,11,4,2048,1024,1788794504653451937,9,2,nosq (x+y-2xy),Cleaning (2 lv),2,XorThenClean,"clean (interp+cleaning, k+1 lv)",5,32,38,11,8,46,9,Cleaning,581.121,5,29.834,24.435,0.0,131072,0.0,0
2026-09-07T17:21:44+02:00,11,4,2048,1024,1788794504653451937,9,2,nosq (x+y-2xy),Cleaning (2 lv),2,XorThenClean,"clean (interp+cleaning, k+1 lv)",5,32,38,11,8,47,10,SubBytes,3868.772,2,19.776,14.118,5.6e-05,131072,5.6e-05,0
2026-09-07T17:21:44+02:00,11,4,2048,1024,1788794504653451937,9,2,nosq (x+y-2xy),Cleaning (2 lv),2,XorThenClean,"clean (interp+cleaning, k+1 lv)",5,32,38,11,8,48,10,Refresh,29524.162,11,23.897,19.196,2e-06,131072,2e-06,0
2026-09-07T17:21:44+02:00,11,4,2048,1024,1788794504653451937,9,2,nosq (x+y-2xy),Cleaning (2 lv),2,XorThenClean,"clean (interp+cleaning, k+1 lv)",5,32,38,11,8,49,10,AddRoundKey,499.91,10,23.867,19.196,2e-06,131072,2e-06,0
2026-09-07T17:21:44+02:00,11,4,2048,1024,1788794504653451937,9,2,nosq (x+y-2xy),Cleaning (2 lv),2,XorThenClean,"clean (interp+cleaning, k+1 lv)",5,32,38,11,8,50,10,Cleaning,817.323,8,29.833,24.524,0.0,131072,0.0,0
2026-09-07T17:45:12+02:00,12,4,4096,2048,1788795912476348530,9,2,nosq (x+y-2xy),Cleaning (2 lv),2,XorThenClean,"clean (interp+cleaning, k+1 lv)",5,32,38,11,8,1,0,FirstRound,305.084,5,29.866,24.985,0.000000,262144,0.000000,0
2026-09-07T17:45:12+02:00,12,4,4096,2048,1788795912476348530,9,2,nosq (x+y-2xy),Cleaning (2 lv),2,XorThenClean,"clean (interp+cleaning, k+1 lv)",5,32,38,11,8,2,1,SubBytes,7156.850,2,19.159,13.649,0.000078,262144,0.000078,0
2026-09-07T17:45:12+02:00,12,4,4096,2048,1788795912476348530,9,2,nosq (x+y-2xy),Cleaning (2 lv),2,XorThenClean,"clean (interp+cleaning, k+1 lv)",5,32,38,11,8,3,1,Refresh,68564.083,11,21.132,14.828,0.000034,262144,0.000034,0
2026-09-07T17:45:12+02:00,12,4,4096,2048,1788795912476348530,9,2,nosq (x+y-2xy),Cleaning (2 lv),2,XorThenClean,"clean (interp+cleaning, k+1 lv)",5,32,38,11,8,4,1,MixColumns,4214.589,8,13.710,12.053,0.000235,262144,0.000235,0
2026-09-07T17:45:12+02:00,12,4,4096,2048,1788795912476348530,9,2,nosq (x+y-2xy),Cleaning (2 lv),2,XorThenClean,"clean (interp+cleaning, k+1 lv)",5,32,38,11,8,5,1,AddRoundKey,678.069,7,13.710,12.053,0.000235,262144,0.000235,0
2026-09-07T17:45:12+02:00,12,4,4096,2048,1788795912476348530,9,2,nosq (x+y-2xy),Cleaning (2 lv),2,XorThenClean,"clean (interp+cleaning, k+1 lv)",5,32,38,11,8,6,1,Cleaning,1152.186,5,25.442,22.234,0.000000,262144,0.000000,0
2026-09-07T17:45:12+02:00,12,4,4096,2048,1788795912476348530,9,2,nosq (x+y-2xy),Cleaning (2 lv),2,XorThenClean,"clean (interp+cleaning, k+1 lv)",5,32,38,11,8,7,2,SubBytes,8047.096,2,16.374,12.998,0.000122,262144,0.000122,0
2026-09-07T17:45:12+02:00,12,4,4096,2048,1788795912476348530,9,2,nosq (x+y-2xy),Cleaning (2 lv),2,XorThenClean,"clean (interp+cleaning, k+1 lv)",5,32,38,11,8,8,2,Refresh,66286.896,11,18.468,13.103,0.000114,262144,0.000114,0
2026-09-07T17:45:12+02:00,12,4,4096,2048,1788795912476348530,9,2,nosq (x+y-2xy),Cleaning (2 lv),2,XorThenClean,"clean (interp+cleaning, k+1 lv)",5,32,38,11,8,9,2,MixColumns,3802.626,8,11.977,10.377,0.000752,262144,0.000752,0
2026-09-07T17:45:12+02:00,12,4,4096,2048,1788795912476348530,9,2,nosq (x+y-2xy),Cleaning (2 lv),2,XorThenClean,"clean (interp+cleaning, k+1 lv)",5,32,38,11,8,10,2,AddRoundKey,658.577,7,11.977,10.377,0.000752,262144,0.000752,0
2026-09-07T17:45:12+02:00,12,4,4096,2048,1788795912476348530,9,2,nosq (x+y-2xy),Cleaning (2 lv),2,XorThenClean,"clean (interp+cleaning, k+1 lv)",5,32,38,11,8,11,2,Cleaning,1117.873,5,22.162,19.153,0.000002,262144,0.000002,0
2026-09-07T17:45:12+02:00,12,4,4096,2048,1788795912476348530,9,2,nosq (x+y-2xy),Cleaning (2 lv),2,XorThenClean,"clean (interp+cleaning, k+1 lv)",5,32,38,11,8,12,3,SubBytes,7390.303,2,15.984,12.958,0.000126,262144,0.000126,0
2026-09-07T17:45:12+02:00,12,4,4096,2048,1788795912476348530,9,2,nosq (x+y-2xy),Cleaning (2 lv),2,XorThenClean,"clean (interp+cleaning, k+1 lv)",5,32,38,11,8,13,3,Refresh,66370.489,11,18.396,13.083,0.000115,262144,0.000115,0
2026-09-07T17:45:12+02:00,12,4,4096,2048,1788795912476348530,9,2,nosq (x+y-2xy),Cleaning (2 lv),2,XorThenClean,"clean (interp+cleaning, k+1 lv)",5,32,38,11,8,14,3,MixColumns,3831.200,8,11.963,10.376,0.000753,262144,0.000753,0
2026-09-07T17:45:12+02:00,12,4,4096,2048,1788795912476348530,9,2,nosq (x+y-2xy),Cleaning (2 lv),2,XorThenClean,"clean (interp+cleaning, k+1 lv)",5,32,38,11,8,15,3,AddRoundKey,670.415,7,11.963,10.376,0.000753,262144,0.000753,0
2026-09-07T17:45:12+02:00,12,4,4096,2048,1788795912476348530,9,2,nosq (x+y-2xy),Cleaning (2 lv),2,XorThenClean,"clean (interp+cleaning, k+1 lv)",5,32,38,11,8,16,3,Cleaning,1150.575,5,22.142,19.164,0.000002,262144,0.000002,0
2026-09-07T17:45:12+02:00,12,4,4096,2048,1788795912476348530,9,2,nosq (x+y-2xy),Cleaning (2 lv),2,XorThenClean,"clean (interp+cleaning, k+1 lv)",5,32,38,11,8,17,4,SubBytes,7310.143,2,15.983,12.951,0.000126,262144,0.000126,0
2026-09-07T17:45:12+02:00,12,4,4096,2048,1788795912476348530,9,2,nosq (x+y-2xy),Cleaning (2 lv),2,XorThenClean,"clean (interp+cleaning, k+1 lv)",5,32,38,11,8,18,4,Refresh,65934.475,11,18.399,13.094,0.000114,262144,0.000114,0
2026-09-07T17:45:12+02:00,12,4,4096,2048,1788795912476348530,9,2,nosq (x+y-2xy),Cleaning (2 lv),2,XorThenClean,"clean (interp+cleaning, k+1 lv)",5,32,38,11,8,19,4,MixColumns,3834.337,8,11.966,10.371,0.000755,262144,0.000755,0
2026-09-07T17:45:12+02:00,12,4,4096,2048,1788795912476348530,9,2,nosq (x+y-2xy),Cleaning (2 lv),2,XorThenClean,"clean (interp+cleaning, k+1 lv)",5,32,38,11,8,20,4,AddRoundKey,663.618,7,11.966,10.371,0.000755,262144,0.000755,0
2026-09-07T17:45:12+02:00,12,4,4096,2048,1788795912476348530,9,2,nosq (x+y-2xy),Cleaning (2 lv),2,XorThenClean,"clean (interp+cleaning, k+1 lv)",5,32,38,11,8,21,4,Cleaning,1140.162,5,22.147,19.158,0.000002,262144,0.000002,0
2026-09-07T17:45:12+02:00,12,4,4096,2048,1788795912476348530,9,2,nosq (x+y-2xy),Cleaning (2 lv),2,XorThenClean,"clean (interp+cleaning, k+1 lv)",5,32,38,11,8,22,5,SubBytes,7439.346,2,15.997,12.955,0.000126,262144,0.000126,0
2026-09-07T17:45:12+02:00,12,4,4096,2048,1788795912476348530,9,2,nosq (x+y-2xy),Cleaning (2 lv),2,XorThenClean,"clean (interp+cleaning, k+1 lv)",5,32,38,11,8,23,5,Refresh,66576.643,11,18.407,13.100,0.000114,262144,0.000114,0
2026-09-07T17:45:12+02:00,12,4,4096,2048,1788795912476348530,9,2,nosq (x+y-2xy),Cleaning (2 lv),2,XorThenClean,"clean (interp+cleaning, k+1 lv)",5,32,38,11,8,24,5,MixColumns,3737.647,8,11.962,10.376,0.000753,262144,0.000753,0
2026-09-07T17:45:12+02:00,12,4,4096,2048,1788795912476348530,9,2,nosq (x+y-2xy),Cleaning (2 lv),2,XorThenClean,"clean (interp+cleaning, k+1 lv)",5,32,38,11,8,25,5,AddRoundKey,677.167,7,11.962,10.376,0.000753,262144,0.000753,0
2026-09-07T17:45:12+02:00,12,4,4096,2048,1788795912476348530,9,2,nosq (x+y-2xy),Cleaning (2 lv),2,XorThenClean,"clean (interp+cleaning, k+1 lv)",5,32,38,11,8,26,5,Cleaning,1112.111,5,22.141,19.154,0.000002,262144,0.000002,0
2026-09-07T17:45:12+02:00,12,4,4096,2048,1788795912476348530,9,2,nosq (x+y-2xy),Cleaning (2 lv),2,XorThenClean,"clean (interp+cleaning, k+1 lv)",5,32,38,11,8,27,6,SubBytes,7321.854,2,15.992,12.964,0.000125,262144,0.000125,0
2026-09-07T17:45:12+02:00,12,4,4096,2048,1788795912476348530,9,2,nosq (x+y-2xy),Cleaning (2 lv),2,XorThenClean,"clean (interp+cleaning, k+1 lv)",5,32,38,11,8,28,6,Refresh,66246.552,11,18.416,13.108,0.000113,262144,0.000113,0
2026-09-07T17:45:12+02:00,12,4,4096,2048,1788795912476348530,9,2,nosq (x+y-2xy),Cleaning (2 lv),2,XorThenClean,"clean (interp+cleaning, k+1 lv)",5,32,38,11,8,29,6,MixColumns,3842.067,8,11.967,10.377,0.000752,262144,0.000752,0
2026-09-07T17:45:12+02:00,12,4,4096,2048,1788795912476348530,9,2,nosq (x+y-2xy),Cleaning (2 lv),2,XorThenClean,"clean (interp+cleaning, k+1 lv)",5,32,38,11,8,30,6,AddRoundKey,674.827,7,11.967,10.377,0.000752,262144,0.000752,0
2026-09-07T17:45:12+02:00,12,4,4096,2048,1788795912476348530,9,2,nosq (x+y-2xy),Cleaning (2 lv),2,XorThenClean,"clean (interp+cleaning, k+1 lv)",5,32,38,11,8,31,6,Cleaning,1152.334,5,22.151,19.169,0.000002,262144,0.000002,0
2026-09-07T17:45:12+02:00,12,4,4096,2048,1788795912476348530,9,2,nosq (x+y-2xy),Cleaning (2 lv),2,XorThenClean,"clean (interp+cleaning, k+1 lv)",5,32,38,11,8,32,7,SubBytes,7645.860,2,15.985,12.955,0.000126,262144,0.000126,0
2026-09-07T17:45:12+02:00,12,4,4096,2048,1788795912476348530,9,2,nosq (x+y-2xy),Cleaning (2 lv),2,XorThenClean,"clean (interp+cleaning, k+1 lv)",5,32,38,11,8,33,7,Refresh,67453.404,11,18.416,13.089,0.000115,262144,0.000115,0
2026-09-07T17:45:12+02:00,12,4,4096,2048,1788795912476348530,9,2,nosq (x+y-2xy),Cleaning (2 lv),2,XorThenClean,"clean (interp+cleaning, k+1 lv)",5,32,38,11,8,34,7,MixColumns,3761.700,8,11.971,10.370,0.000756,262144,0.000756,0
2026-09-07T17:45:12+02:00,12,4,4096,2048,1788795912476348530,9,2,nosq (x+y-2xy),Cleaning (2 lv),2,XorThenClean,"clean (interp+cleaning, k+1 lv)",5,32,38,11,8,35,7,AddRoundKey,654.638,7,11.971,10.370,0.000756,262144,0.000756,0
2026-09-07T17:45:12+02:00,12,4,4096,2048,1788795912476348530,9,2,nosq (x+y-2xy),Cleaning (2 lv),2,XorThenClean,"clean (interp+cleaning, k+1 lv)",5,32,38,11,8,36,7,Cleaning,1156.134,5,22.156,19.156,0.000002,262144,0.000002,0
2026-09-07T17:45:12+02:00,12,4,4096,2048,1788795912476348530,9,2,nosq (x+y-2xy),Cleaning (2 lv),2,XorThenClean,"clean (interp+cleaning, k+1 lv)",5,32,38,11,8,37,8,SubBytes,7559.686,2,15.990,12.961,0.000125,262144,0.000125,0
2026-09-07T17:45:12+02:00,12,4,4096,2048,1788795912476348530,9,2,nosq (x+y-2xy),Cleaning (2 lv),2,XorThenClean,"clean (interp+cleaning, k+1 lv)",5,32,38,11,8,38,8,Refresh,66853.886,11,18.441,13.069,0.000116,262144,0.000116,0
2026-09-07T17:45:12+02:00,12,4,4096,2048,1788795912476348530,9,2,nosq (x+y-2xy),Cleaning (2 lv),2,XorThenClean,"clean (interp+cleaning, k+1 lv)",5,32,38,11,8,39,8,MixColumns,3870.848,8,11.978,10.374,0.000754,262144,0.000754,0
2026-09-07T17:45:12+02:00,12,4,4096,2048,1788795912476348530,9,2,nosq (x+y-2xy),Cleaning (2 lv),2,XorThenClean,"clean (interp+cleaning, k+1 lv)",5,32,38,11,8,40,8,AddRoundKey,664.498,7,11.978,10.374,0.000754,262144,0.000754,0
2026-09-07T17:45:12+02:00,12,4,4096,2048,1788795912476348530,9,2,nosq (x+y-2xy),Cleaning (2 lv),2,XorThenClean,"clean (interp+cleaning, k+1 lv)",5,32,38,11,8,41,8,Cleaning,1191.078,5,22.167,19.161,0.000002,262144,0.000002,0
2026-09-07T17:45:12+02:00,12,4,4096,2048,1788795912476348530,9,2,nosq (x+y-2xy),Cleaning (2 lv),2,XorThenClean,"clean (interp+cleaning, k+1 lv)",5,32,38,11,8,42,9,SubBytes,7614.980,2,15.998,12.964,0.000125,262144,0.000125,0
2026-09-07T17:45:12+02:00,12,4,4096,2048,1788795912476348530,9,2,nosq (x+y-2xy),Cleaning (2 lv),2,XorThenClean,"clean (interp+cleaning, k+1 lv)",5,32,38,11,8,43,9,Refresh,66658.136,11,18.436,13.091,0.000115,262144,0.000115,0
2026-09-07T17:45:12+02:00,12,4,4096,2048,1788795912476348530,9,2,nosq (x+y-2xy),Cleaning (2 lv),2,XorThenClean,"clean (interp+cleaning, k+1 lv)",5,32,38,11,8,44,9,MixColumns,3817.967,8,11.974,10.376,0.000753,262144,0.000753,0
2026-09-07T17:45:12+02:00,12,4,4096,2048,1788795912476348530,9,2,nosq (x+y-2xy),Cleaning (2 lv),2,XorThenClean,"clean (interp+cleaning, k+1 lv)",5,32,38,11,8,45,9,AddRoundKey,666.760,7,11.974,10.376,0.000753,262144,0.000753,0
2026-09-07T17:45:12+02:00,12,4,4096,2048,1788795912476348530,9,2,nosq (x+y-2xy),Cleaning (2 lv),2,XorThenClean,"clean (interp+cleaning, k+1 lv)",5,32,38,11,8,46,9,Cleaning,1132.437,5,22.163,19.168,0.000002,262144,0.000002,0
2026-09-07T17:45:12+02:00,12,4,4096,2048,1788795912476348530,9,2,nosq (x+y-2xy),Cleaning (2 lv),2,XorThenClean,"clean (interp+cleaning, k+1 lv)",5,32,38,11,8,47,10,SubBytes,7462.309,2,15.994,12.964,0.000125,262144,0.000125,0
2026-09-07T17:45:12+02:00,12,4,4096,2048,1788795912476348530,9,2,nosq (x+y-2xy),Cleaning (2 lv),2,XorThenClean,"clean (interp+cleaning, k+1 lv)",5,32,38,11,8,48,10,Refresh,67263.196,11,18.400,13.083,0.000115,262144,0.000115,0
2026-09-07T17:45:12+02:00,12,4,4096,2048,1788795912476348530,9,2,nosq (x+y-2xy),Cleaning (2 lv),2,XorThenClean,"clean (interp+cleaning, k+1 lv)",5,32,38,11,8,49,10,AddRoundKey,883.453,10,18.396,13.083,0.000115,262144,0.000115,0
2026-09-07T17:45:12+02:00,12,4,4096,2048,1788795912476348530,9,2,nosq (x+y-2xy),Cleaning (2 lv),2,XorThenClean,"clean (interp+cleaning, k+1 lv)",5,32,38,11,8,50,10,Cleaning,1643.784,8,27.056,23.421,0.000000,262144,0.000000,0
2026-09-07T18:04:46+02:00,12,4,4096,2048,1788797086773662332,9,2,sq ((x-y)^2),Cleaning (2 lv),2,XorThenClean,"clean (interp+cleaning, k+1 lv)",5,32,38,11,8,1,0,FirstRound,502.134,5,29.944,25.162,0.000000,262144,0.000000,0
2026-09-07T18:04:46+02:00,12,4,4096,2048,1788797086773662332,9,2,sq ((x-y)^2),Cleaning (2 lv),2,XorThenClean,"clean (interp+cleaning, k+1 lv)",5,32,38,11,8,2,1,SubBytes,6957.901,2,18.505,13.529,0.000085,262144,0.000085,0
2026-09-07T18:04:46+02:00,12,4,4096,2048,1788797086773662332,9,2,sq ((x-y)^2),Cleaning (2 lv),2,XorThenClean,"clean (interp+cleaning, k+1 lv)",5,32,38,11,8,3,1,Refresh,71062.139,11,20.350,14.189,0.000054,262144,0.000054,0
2026-09-07T18:04:46+02:00,12,4,4096,2048,1788797086773662332,9,2,sq ((x-y)^2),Cleaning (2 lv),2,XorThenClean,"clean (interp+cleaning, k+1 lv)",5,32,38,11,8,4,1,MixColumns,3784.045,8,20.178,11.095,0.000457,262144,0.000457,0
2026-09-07T18:04:46+02:00,12,4,4096,2048,1788797086773662332,9,2,sq ((x-y)^2),Cleaning (2 lv),2,XorThenClean,"clean (interp+cleaning, k+1 lv)",5,32,38,11,8,5,1,AddRoundKey,635.982,7,21.599,10.086,0.000920,262144,0.000920,0
2026-09-07T18:04:46+02:00,12,4,4096,2048,1788797086773662332,9,2,sq ((x-y)^2),Cleaning (2 lv),2,XorThenClean,"clean (interp+cleaning, k+1 lv)",5,32,38,11,8,6,1,Cleaning,1118.444,5,26.806,18.587,0.000003,262144,0.000003,0
2026-09-07T18:04:46+02:00,12,4,4096,2048,1788797086773662332,9,2,sq ((x-y)^2),Cleaning (2 lv),2,XorThenClean,"clean (interp+cleaning, k+1 lv)",5,32,38,11,8,7,2,SubBytes,7521.613,2,16.344,13.260,0.000102,262144,0.000102,0
2026-09-07T18:04:46+02:00,12,4,4096,2048,1788797086773662332,9,2,sq ((x-y)^2),Cleaning (2 lv),2,XorThenClean,"clean (interp+cleaning, k+1 lv)",5,32,38,11,8,8,2,Refresh,73338.926,11,16.242,11.606,0.000321,262144,0.000321,0
2026-09-07T18:04:46+02:00,12,4,4096,2048,1788797086773662332,9,2,sq ((x-y)^2),Cleaning (2 lv),2,XorThenClean,"clean (interp+cleaning, k+1 lv)",5,32,38,11,8,9,2,MixColumns,3745.297,8,17.850,8.616,0.002549,262144,0.002549,0
2026-09-07T18:04:46+02:00,12,4,4096,2048,1788797086773662332,9,2,sq ((x-y)^2),Cleaning (2 lv),2,XorThenClean,"clean (interp+cleaning, k+1 lv)",5,32,38,11,8,10,2,AddRoundKey,640.234,7,19.654,7.617,0.005092,262144,0.005092,0
2026-09-07T18:04:46+02:00,12,4,4096,2048,1788797086773662332,9,2,sq ((x-y)^2),Cleaning (2 lv),2,XorThenClean,"clean (interp+cleaning, k+1 lv)",5,32,38,11,8,11,2,Cleaning,1122.498,5,26.009,13.645,0.000078,262144,0.000078,0
2026-09-07T18:04:46+02:00,12,4,4096,2048,1788797086773662332,9,2,sq ((x-y)^2),Cleaning (2 lv),2,XorThenClean,"clean (interp+cleaning, k+1 lv)",5,32,38,11,8,12,3,SubBytes,7794.663,2,15.335,10.968,0.000499,262144,0.000499,0
2026-09-07T18:04:46+02:00,12,4,4096,2048,1788797086773662332,9,2,sq ((x-y)^2),Cleaning (2 lv),2,XorThenClean,"clean (interp+cleaning, k+1 lv)",5,32,38,11,8,13,3,Refresh,71816.479,11,16.062,11.606,0.000321,262144,0.000321,0
2026-09-07T18:04:46+02:00,12,4,4096,2048,1788797086773662332,9,2,sq ((x-y)^2),Cleaning (2 lv),2,XorThenClean,"clean (interp+cleaning, k+1 lv)",5,32,38,11,8,14,3,MixColumns,4083.361,8,17.876,8.616,0.002549,262144,0.002549,0
2026-09-07T18:04:46+02:00,12,4,4096,2048,1788797086773662332,9,2,sq ((x-y)^2),Cleaning (2 lv),2,XorThenClean,"clean (interp+cleaning, k+1 lv)",5,32,38,11,8,15,3,AddRoundKey,691.981,7,19.705,7.617,0.005092,262144,0.005092,0
2026-09-07T18:04:46+02:00,12,4,4096,2048,1788797086773662332,9,2,sq ((x-y)^2),Cleaning (2 lv),2,XorThenClean,"clean (interp+cleaning, k+1 lv)",5,32,38,11,8,16,3,Cleaning,1160.158,5,25.866,13.645,0.000078,262144,0.000078,0
2026-09-07T18:04:46+02:00,12,4,4096,2048,1788797086773662332,9,2,sq ((x-y)^2),Cleaning (2 lv),2,XorThenClean,"clean (interp+cleaning, k+1 lv)",5,32,38,11,8,17,4,SubBytes,7573.090,2,15.324,10.928,0.000513,262144,0.000513,0
2026-09-07T18:04:46+02:00,12,4,4096,2048,1788797086773662332,9,2,sq ((x-y)^2),Cleaning (2 lv),2,XorThenClean,"clean (interp+cleaning, k+1 lv)",5,32,38,11,8,18,4,Refresh,68144.311,11,16.049,11.606,0.000321,262144,0.000321,0
2026-09-07T18:04:46+02:00,12,4,4096,2048,1788797086773662332,9,2,sq ((x-y)^2),Cleaning (2 lv),2,XorThenClean,"clean (interp+cleaning, k+1 lv)",5,32,38,11,8,19,4,MixColumns,3542.238,8,17.863,8.616,0.002549,262144,0.002549,0
2026-09-07T18:04:46+02:00,12,4,4096,2048,1788797086773662332,9,2,sq ((x-y)^2),Cleaning (2 lv),2,XorThenClean,"clean (interp+cleaning, k+1 lv)",5,32,38,11,8,20,4,AddRoundKey,615.058,7,19.552,7.617,0.005092,262144,0.005092,0
2026-09-07T18:04:46+02:00,12,4,4096,2048,1788797086773662332,9,2,sq ((x-y)^2),Cleaning (2 lv),2,XorThenClean,"clean (interp+cleaning, k+1 lv)",5,32,38,11,8,21,4,Cleaning,1123.722,5,25.681,13.645,0.000078,262144,0.000078,0
2026-09-07T18:04:46+02:00,12,4,4096,2048,1788797086773662332,9,2,sq ((x-y)^2),Cleaning (2 lv),2,XorThenClean,"clean (interp+cleaning, k+1 lv)",5,32,38,11,8,22,5,SubBytes,7397.205,2,15.220,11.068,0.000466,262144,0.000466,0
2026-09-07T18:04:46+02:00,12,4,4096,2048,1788797086773662332,9,2,sq ((x-y)^2),Cleaning (2 lv),2,XorThenClean,"clean (interp+cleaning, k+1 lv)",5,32,38,11,8,23,5,Refresh,65963.134,11,16.012,11.606,0.000321,262144,0.000321,0
2026-09-07T18:04:46+02:00,12,4,4096,2048,1788797086773662332,9,2,sq ((x-y)^2),Cleaning (2 lv),2,XorThenClean,"clean (interp+cleaning, k+1 lv)",5,32,38,11,8,24,5,MixColumns,3587.583,8,17.892,8.616,0.002549,262144,0.002549,0
2026-09-07T18:04:46+02:00,12,4,4096,2048,1788797086773662332,9,2,sq ((x-y)^2),Cleaning (2 lv),2,XorThenClean,"clean (interp+cleaning, k+1 lv)",5,32,38,11,8,25,5,AddRoundKey,642.540,7,19.576,7.617,0.005092,262144,0.005092,0
2026-09-07T18:04:46+02:00,12,4,4096,2048,1788797086773662332,9,2,sq ((x-y)^2),Cleaning (2 lv),2,XorThenClean,"clean (interp+cleaning, k+1 lv)",5,32,38,11,8,26,5,Cleaning,1170.003,5,25.911,13.645,0.000078,262144,0.000078,0
2026-09-07T18:04:46+02:00,12,4,4096,2048,1788797086773662332,9,2,sq ((x-y)^2),Cleaning (2 lv),2,XorThenClean,"clean (interp+cleaning, k+1 lv)",5,32,38,11,8,27,6,SubBytes,7329.923,2,15.280,11.187,0.000429,262144,0.000429,0
2026-09-07T18:04:46+02:00,12,4,4096,2048,1788797086773662332,9,2,sq ((x-y)^2),Cleaning (2 lv),2,XorThenClean,"clean (interp+cleaning, k+1 lv)",5,32,38,11,8,28,6,Refresh,65947.635,11,16.065,11.606,0.000321,262144,0.000321,0
2026-09-07T18:04:46+02:00,12,4,4096,2048,1788797086773662332,9,2,sq ((x-y)^2),Cleaning (2 lv),2,XorThenClean,"clean (interp+cleaning, k+1 lv)",5,32,38,11,8,29,6,MixColumns,3685.959,8,17.863,8.616,0.002549,262144,0.002549,0
2026-09-07T18:04:46+02:00,12,4,4096,2048,1788797086773662332,9,2,sq ((x-y)^2),Cleaning (2 lv),2,XorThenClean,"clean (interp+cleaning, k+1 lv)",5,32,38,11,8,30,6,AddRoundKey,653.189,7,19.625,7.617,0.005092,262144,0.005092,0
2026-09-07T18:04:46+02:00,12,4,4096,2048,1788797086773662332,9,2,sq ((x-y)^2),Cleaning (2 lv),2,XorThenClean,"clean (interp+cleaning, k+1 lv)",5,32,38,11,8,31,6,Cleaning,1121.183,5,25.736,13.645,0.000078,262144,0.000078,0
2026-09-07T18:04:46+02:00,12,4,4096,2048,1788797086773662332,9,2,sq ((x-y)^2),Cleaning (2 lv),2,XorThenClean,"clean (interp+cleaning, k+1 lv)",5,32,38,11,8,32,7,SubBytes,7232.113,2,15.267,11.049,0.000472,262144,0.000472,0
2026-09-07T18:04:46+02:00,12,4,4096,2048,1788797086773662332,9,2,sq ((x-y)^2),Cleaning (2 lv),2,XorThenClean,"clean (interp+cleaning, k+1 lv)",5,32,38,11,8,33,7,Refresh,66444.637,11,16.037,11.606,0.000321,262144,0.000321,0
2026-09-07T18:04:46+02:00,12,4,4096,2048,1788797086773662332,9,2,sq ((x-y)^2),Cleaning (2 lv),2,XorThenClean,"clean (interp+cleaning, k+1 lv)",5,32,38,11,8,34,7,MixColumns,3701.963,8,17.836,8.616,0.002549,262144,0.002549,0
2026-09-07T18:04:46+02:00,12,4,4096,2048,1788797086773662332,9,2,sq ((x-y)^2),Cleaning (2 lv),2,XorThenClean,"clean (interp+cleaning, k+1 lv)",5,32,38,11,8,35,7,AddRoundKey,652.877,7,19.603,7.617,0.005092,262144,0.005092,0
2026-09-07T18:04:46+02:00,12,4,4096,2048,1788797086773662332,9,2,sq ((x-y)^2),Cleaning (2 lv),2,XorThenClean,"clean (interp+cleaning, k+1 lv)",5,32,38,11,8,36,7,Cleaning,1141.416,5,26.128,13.645,0.000078,262144,0.000078,0
2026-09-07T18:04:46+02:00,12,4,4096,2048,1788797086773662332,9,2,sq ((x-y)^2),Cleaning (2 lv),2,XorThenClean,"clean (interp+cleaning, k+1 lv)",5,32,38,11,8,37,8,SubBytes,7308.564,2,15.378,11.251,0.000410,262144,0.000410,0
2026-09-07T18:04:46+02:00,12,4,4096,2048,1788797086773662332,9,2,sq ((x-y)^2),Cleaning (2 lv),2,XorThenClean,"clean (interp+cleaning, k+1 lv)",5,32,38,11,8,38,8,Refresh,66883.085,11,16.064,11.606,0.000321,262144,0.000321,0
2026-09-07T18:04:46+02:00,12,4,4096,2048,1788797086773662332,9,2,sq ((x-y)^2),Cleaning (2 lv),2,XorThenClean,"clean (interp+cleaning, k+1 lv)",5,32,38,11,8,39,8,MixColumns,3573.599,8,17.844,8.616,0.002549,262144,0.002549,0
2026-09-07T18:04:46+02:00,12,4,4096,2048,1788797086773662332,9,2,sq ((x-y)^2),Cleaning (2 lv),2,XorThenClean,"clean (interp+cleaning, k+1 lv)",5,32,38,11,8,40,8,AddRoundKey,627.082,7,19.509,7.617,0.005092,262144,0.005092,0
2026-09-07T18:04:46+02:00,12,4,4096,2048,1788797086773662332,9,2,sq ((x-y)^2),Cleaning (2 lv),2,XorThenClean,"clean (interp+cleaning, k+1 lv)",5,32,38,11,8,41,8,Cleaning,1125.459,5,25.877,13.645,0.000078,262144,0.000078,0
2026-09-07T18:04:46+02:00,12,4,4096,2048,1788797086773662332,9,2,sq ((x-y)^2),Cleaning (2 lv),2,XorThenClean,"clean (interp+cleaning, k+1 lv)",5,32,38,11,8,42,9,SubBytes,7423.013,2,15.263,11.088,0.000459,262144,0.000459,0
2026-09-07T18:04:46+02:00,12,4,4096,2048,1788797086773662332,9,2,sq ((x-y)^2),Cleaning (2 lv),2,XorThenClean,"clean (interp+cleaning, k+1 lv)",5,32,38,11,8,43,9,Refresh,66597.943,11,16.045,11.606,0.000321,262144,0.000321,0
2026-09-07T18:04:46+02:00,12,4,4096,2048,1788797086773662332,9,2,sq ((x-y)^2),Cleaning (2 lv),2,XorThenClean,"clean (interp+cleaning, k+1 lv)",5,32,38,11,8,44,9,MixColumns,3671.351,8,17.876,8.616,0.002549,262144,0.002549,0
2026-09-07T18:04:46+02:00,12,4,4096,2048,1788797086773662332,9,2,sq ((x-y)^2),Cleaning (2 lv),2,XorThenClean,"clean (interp+cleaning, k+1 lv)",5,32,38,11,8,45,9,AddRoundKey,634.133,7,19.540,7.617,0.005092,262144,0.005092,0
2026-09-07T18:04:46+02:00,12,4,4096,2048,1788797086773662332,9,2,sq ((x-y)^2),Cleaning (2 lv),2,XorThenClean,"clean (interp+cleaning, k+1 lv)",5,32,38,11,8,46,9,Cleaning,1101.739,5,25.493,13.645,0.000078,262144,0.000078,0
2026-09-07T18:04:46+02:00,12,4,4096,2048,1788797086773662332,9,2,sq ((x-y)^2),Cleaning (2 lv),2,XorThenClean,"clean (interp+cleaning, k+1 lv)",5,32,38,11,8,47,10,SubBytes,7224.030,2,15.158,10.979,0.000495,262144,0.000495,0
2026-09-07T18:04:46+02:00,12,4,4096,2048,1788797086773662332,9,2,sq ((x-y)^2),Cleaning (2 lv),2,XorThenClean,"clean (interp+cleaning, k+1 lv)",5,32,38,11,8,48,10,Refresh,66929.105,11,16.021,11.606,0.000321,262144,0.000321,0
2026-09-07T18:04:46+02:00,12,4,4096,2048,1788797086773662332,9,2,sq ((x-y)^2),Cleaning (2 lv),2,XorThenClean,"clean (interp+cleaning, k+1 lv)",5,32,38,11,8,49,10,AddRoundKey,836.328,10,20.960,10.605,0.000642,262144,0.000642,0
2026-09-07T18:04:46+02:00,12,4,4096,2048,1788797086773662332,9,2,sq ((x-y)^2),Cleaning (2 lv),2,XorThenClean,"clean (interp+cleaning, k+1 lv)",5,32,38,11,8,50,10,Cleaning,1637.216,8,26.623,19.591,0.000001,262144,0.000001,0
2026-09-07T18:20:24+02:00,11,4,2048,1024,1788798024807241853,9,2,sq ((x-y)^2),Cleaning (2 lv),2,XorThenClean,"clean (interp+cleaning, k+1 lv)",5,32,38,11,8,1,0,FirstRound,260.665,5,30.445,26.038,0.000000,131072,0.000000,0
2026-09-07T18:20:24+02:00,11,4,2048,1024,1788798024807241853,9,2,sq ((x-y)^2),Cleaning (2 lv),2,XorThenClean,"clean (interp+cleaning, k+1 lv)",5,32,38,11,8,2,1,SubBytes,3782.205,2,18.178,14.048,0.000059,131072,0.000059,0
2026-09-07T18:20:24+02:00,11,4,2048,1024,1788798024807241853,9,2,sq ((x-y)^2),Cleaning (2 lv),2,XorThenClean,"clean (interp+cleaning, k+1 lv)",5,32,38,11,8,3,1,Refresh,29470.046,11,19.949,14.190,0.000053,131072,0.000053,0
2026-09-07T18:20:24+02:00,11,4,2048,1024,1788798024807241853,9,2,sq ((x-y)^2),Cleaning (2 lv),2,XorThenClean,"clean (interp+cleaning, k+1 lv)",5,32,38,11,8,4,1,MixColumns,1764.845,8,20.377,11.190,0.000428,131072,0.000428,0
2026-09-07T18:20:24+02:00,11,4,2048,1024,1788798024807241853,9,2,sq ((x-y)^2),Cleaning (2 lv),2,XorThenClean,"clean (interp+cleaning, k+1 lv)",5,32,38,11,8,5,1,AddRoundKey,305.270,7,21.041,10.189,0.000856,131072,0.000856,0
2026-09-07T18:20:24+02:00,11,4,2048,1024,1788798024807241853,9,2,sq ((x-y)^2),Cleaning (2 lv),2,XorThenClean,"clean (interp+cleaning, k+1 lv)",5,32,38,11,8,6,1,Cleaning,543.814,5,27.180,18.785,0.000002,131072,0.000002,0
2026-09-07T18:20:24+02:00,11,4,2048,1024,1788798024807241853,9,2,sq ((x-y)^2),Cleaning (2 lv),2,XorThenClean,"clean (interp+cleaning, k+1 lv)",5,32,38,11,8,7,2,SubBytes,3690.963,2,17.232,13.753,0.000072,131072,0.000072,0
2026-09-07T18:20:24+02:00,11,4,2048,1024,1788798024807241853,9,2,sq ((x-y)^2),Cleaning (2 lv),2,XorThenClean,"clean (interp+cleaning, k+1 lv)",5,32,38,11,8,8,2,Refresh,29371.366,11,17.932,12.714,0.000149,131072,0.000149,0
2026-09-07T18:20:24+02:00,11,4,2048,1024,1788798024807241853,9,2,sq ((x-y)^2),Cleaning (2 lv),2,XorThenClean,"clean (interp+cleaning, k+1 lv)",5,32,38,11,8,9,2,MixColumns,1776.232,8,19.005,9.713,0.001192,131072,0.001192,0
2026-09-07T18:20:24+02:00,11,4,2048,1024,1788798024807241853,9,2,sq ((x-y)^2),Cleaning (2 lv),2,XorThenClean,"clean (interp+cleaning, k+1 lv)",5,32,38,11,8,10,2,AddRoundKey,309.719,7,19.872,8.712,0.002384,131072,0.002384,0
2026-09-07T18:20:24+02:00,11,4,2048,1024,1788798024807241853,9,2,sq ((x-y)^2),Cleaning (2 lv),2,XorThenClean,"clean (interp+cleaning, k+1 lv)",5,32,38,11,8,11,2,Cleaning,557.210,5,26.897,15.836,0.000017,131072,0.000017,0
2026-09-07T18:20:24+02:00,11,4,2048,1024,1788798024807241853,9,2,sq ((x-y)^2),Cleaning (2 lv),2,XorThenClean,"clean (interp+cleaning, k+1 lv)",5,32,38,11,8,12,3,SubBytes,3671.233,2,16.734,13.061,0.000117,131072,0.000117,0
2026-09-07T18:20:24+02:00,11,4,2048,1024,1788798024807241853,9,2,sq ((x-y)^2),Cleaning (2 lv),2,XorThenClean,"clean (interp+cleaning, k+1 lv)",5,32,38,11,8,13,3,Refresh,29554.789,11,17.904,12.714,0.000149,131072,0.000149,0
2026-09-07T18:20:24+02:00,11,4,2048,1024,1788798024807241853,9,2,sq ((x-y)^2),Cleaning (2 lv),2,XorThenClean,"clean (interp+cleaning, k+1 lv)",5,32,38,11,8,14,3,MixColumns,1760.921,8,18.996,9.713,0.001192,131072,0.001192,0
2026-09-07T18:20:24+02:00,11,4,2048,1024,1788798024807241853,9,2,sq ((x-y)^2),Cleaning (2 lv),2,XorThenClean,"clean (interp+cleaning, k+1 lv)",5,32,38,11,8,15,3,AddRoundKey,310.547,7,19.870,8.712,0.002385,131072,0.002385,0
2026-09-07T18:20:24+02:00,11,4,2048,1024,1788798024807241853,9,2,sq ((x-y)^2),Cleaning (2 lv),2,XorThenClean,"clean (interp+cleaning, k+1 lv)",5,32,38,11,8,16,3,Cleaning,561.654,5,26.759,15.837,0.000017,131072,0.000017,0
2026-09-07T18:20:24+02:00,11,4,2048,1024,1788798024807241853,9,2,sq ((x-y)^2),Cleaning (2 lv),2,XorThenClean,"clean (interp+cleaning, k+1 lv)",5,32,38,11,8,17,4,SubBytes,3761.637,2,16.728,13.072,0.000116,131072,0.000116,0
2026-09-07T18:20:24+02:00,11,4,2048,1024,1788798024807241853,9,2,sq ((x-y)^2),Cleaning (2 lv),2,XorThenClean,"clean (interp+cleaning, k+1 lv)",5,32,38,11,8,18,4,Refresh,29861.782,11,17.868,12.714,0.000149,131072,0.000149,0
2026-09-07T18:20:24+02:00,11,4,2048,1024,1788798024807241853,9,2,sq ((x-y)^2),Cleaning (2 lv),2,XorThenClean,"clean (interp+cleaning, k+1 lv)",5,32,38,11,8,19,4,MixColumns,1786.373,8,18.990,9.713,0.001192,131072,0.001192,0
2026-09-07T18:20:24+02:00,11,4,2048,1024,1788798024807241853,9,2,sq ((x-y)^2),Cleaning (2 lv),2,XorThenClean,"clean (interp+cleaning, k+1 lv)",5,32,38,11,8,20,4,AddRoundKey,293.813,7,19.910,8.712,0.002384,131072,0.002384,0
2026-09-07T18:20:24+02:00,11,4,2048,1024,1788798024807241853,9,2,sq ((x-y)^2),Cleaning (2 lv),2,XorThenClean,"clean (interp+cleaning, k+1 lv)",5,32,38,11,8,21,4,Cleaning,545.036,5,26.574,15.837,0.000017,131072,0.000017,0
2026-09-07T18:20:24+02:00,11,4,2048,1024,1788798024807241853,9,2,sq ((x-y)^2),Cleaning (2 lv),2,XorThenClean,"clean (interp+cleaning, k+1 lv)",5,32,38,11,8,22,5,SubBytes,3727.935,2,16.655,13.079,0.000116,131072,0.000116,0
2026-09-07T18:20:24+02:00,11,4,2048,1024,1788798024807241853,9,2,sq ((x-y)^2),Cleaning (2 lv),2,XorThenClean,"clean (interp+cleaning, k+1 lv)",5,32,38,11,8,23,5,Refresh,29066.555,11,17.885,12.714,0.000149,131072,0.000149,0
2026-09-07T18:20:24+02:00,11,4,2048,1024,1788798024807241853,9,2,sq ((x-y)^2),Cleaning (2 lv),2,XorThenClean,"clean (interp+cleaning, k+1 lv)",5,32,38,11,8,24,5,MixColumns,1782.408,8,19.034,9.713,0.001192,131072,0.001192,0
2026-09-07T18:20:24+02:00,11,4,2048,1024,1788798024807241853,9,2,sq ((x-y)^2),Cleaning (2 lv),2,XorThenClean,"clean (interp+cleaning, k+1 lv)",5,32,38,11,8,25,5,AddRoundKey,318.863,7,19.893,8.712,0.002384,131072,0.002384,0
2026-09-07T18:20:24+02:00,11,4,2048,1024,1788798024807241853,9,2,sq ((x-y)^2),Cleaning (2 lv),2,XorThenClean,"clean (interp+cleaning, k+1 lv)",5,32,38,11,8,26,5,Cleaning,581.296,5,26.794,15.836,0.000017,131072,0.000017,0
2026-09-07T18:20:24+02:00,11,4,2048,1024,1788798024807241853,9,2,sq ((x-y)^2),Cleaning (2 lv),2,XorThenClean,"clean (interp+cleaning, k+1 lv)",5,32,38,11,8,27,6,SubBytes,3769.681,2,16.717,13.258,0.000102,131072,0.000102,0
2026-09-07T18:20:24+02:00,11,4,2048,1024,1788798024807241853,9,2,sq ((x-y)^2),Cleaning (2 lv),2,XorThenClean,"clean (interp+cleaning, k+1 lv)",5,32,38,11,8,28,6,Refresh,29639.164,11,17.912,12.714,0.000149,131072,0.000149,0
2026-09-07T18:20:24+02:00,11,4,2048,1024,1788798024807241853,9,2,sq ((x-y)^2),Cleaning (2 lv),2,XorThenClean,"clean (interp+cleaning, k+1 lv)",5,32,38,11,8,29,6,MixColumns,1812.959,8,18.970,9.713,0.001192,131072,0.001192,0
2026-09-07T18:20:24+02:00,11,4,2048,1024,1788798024807241853,9,2,sq ((x-y)^2),Cleaning (2 lv),2,XorThenClean,"clean (interp+cleaning, k+1 lv)",5,32,38,11,8,30,6,AddRoundKey,318.131,7,19.845,8.712,0.002384,131072,0.002384,0
2026-09-07T18:20:24+02:00,11,4,2048,1024,1788798024807241853,9,2,sq ((x-y)^2),Cleaning (2 lv),2,XorThenClean,"clean (interp+cleaning, k+1 lv)",5,32,38,11,8,31,6,Cleaning,563.179,5,26.614,15.837,0.000017,131072,0.000017,0
2026-09-07T18:20:24+02:00,11,4,2048,1024,1788798024807241853,9,2,sq ((x-y)^2),Cleaning (2 lv),2,XorThenClean,"clean (interp+cleaning, k+1 lv)",5,32,38,11,8,32,7,SubBytes,3792.623,2,16.674,13.034,0.000119,131072,0.000119,0
2026-09-07T18:20:24+02:00,11,4,2048,1024,1788798024807241853,9,2,sq ((x-y)^2),Cleaning (2 lv),2,XorThenClean,"clean (interp+cleaning, k+1 lv)",5,32,38,11,8,33,7,Refresh,29551.283,11,17.858,12.714,0.000149,131072,0.000149,0
2026-09-07T18:20:24+02:00,11,4,2048,1024,1788798024807241853,9,2,sq ((x-y)^2),Cleaning (2 lv),2,XorThenClean,"clean (interp+cleaning, k+1 lv)",5,32,38,11,8,34,7,MixColumns,1808.229,8,18.993,9.713,0.001192,131072,0.001192,0
2026-09-07T18:20:24+02:00,11,4,2048,1024,1788798024807241853,9,2,sq ((x-y)^2),Cleaning (2 lv),2,XorThenClean,"clean (interp+cleaning, k+1 lv)",5,32,38,11,8,35,7,AddRoundKey,320.376,7,19.846,8.712,0.002384,131072,0.002384,0
2026-09-07T18:20:24+02:00,11,4,2048,1024,1788798024807241853,9,2,sq ((x-y)^2),Cleaning (2 lv),2,XorThenClean,"clean (interp+cleaning, k+1 lv)",5,32,38,11,8,36,7,Cleaning,536.489,5,26.988,15.836,0.000017,131072,0.000017,0
2026-09-07T18:20:24+02:00,11,4,2048,1024,1788798024807241853,9,2,sq ((x-y)^2),Cleaning (2 lv),2,XorThenClean,"clean (interp+cleaning, k+1 lv)",5,32,38,11,8,37,8,SubBytes,3644.473,2,16.742,13.065,0.000117,131072,0.000117,0
2026-09-07T18:20:24+02:00,11,4,2048,1024,1788798024807241853,9,2,sq ((x-y)^2),Cleaning (2 lv),2,XorThenClean,"clean (interp+cleaning, k+1 lv)",5,32,38,11,8,38,8,Refresh,29190.486,11,17.893,12.714,0.000149,131072,0.000149,0
2026-09-07T18:20:24+02:00,11,4,2048,1024,1788798024807241853,9,2,sq ((x-y)^2),Cleaning (2 lv),2,XorThenClean,"clean (interp+cleaning, k+1 lv)",5,32,38,11,8,39,8,MixColumns,1833.087,8,19.001,9.713,0.001192,131072,0.001192,0
2026-09-07T18:20:24+02:00,11,4,2048,1024,1788798024807241853,9,2,sq ((x-y)^2),Cleaning (2 lv),2,XorThenClean,"clean (interp+cleaning, k+1 lv)",5,32,38,11,8,40,8,AddRoundKey,311.116,7,19.871,8.712,0.002384,131072,0.002384,0
2026-09-07T18:20:24+02:00,11,4,2048,1024,1788798024807241853,9,2,sq ((x-y)^2),Cleaning (2 lv),2,XorThenClean,"clean (interp+cleaning, k+1 lv)",5,32,38,11,8,41,8,Cleaning,558.057,5,26.763,15.836,0.000017,131072,0.000017,0
2026-09-07T18:20:24+02:00,11,4,2048,1024,1788798024807241853,9,2,sq ((x-y)^2),Cleaning (2 lv),2,XorThenClean,"clean (interp+cleaning, k+1 lv)",5,32,38,11,8,42,9,SubBytes,3702.422,2,16.692,13.179,0.000108,131072,0.000108,0
2026-09-07T18:20:24+02:00,11,4,2048,1024,1788798024807241853,9,2,sq ((x-y)^2),Cleaning (2 lv),2,XorThenClean,"clean (interp+cleaning, k+1 lv)",5,32,38,11,8,43,9,Refresh,29540.291,11,17.894,12.714,0.000149,131072,0.000149,0
2026-09-07T18:20:24+02:00,11,4,2048,1024,1788798024807241853,9,2,sq ((x-y)^2),Cleaning (2 lv),2,XorThenClean,"clean (interp+cleaning, k+1 lv)",5,32,38,11,8,44,9,MixColumns,1786.596,8,19.023,9.713,0.001192,131072,0.001192,0
2026-09-07T18:20:24+02:00,11,4,2048,1024,1788798024807241853,9,2,sq ((x-y)^2),Cleaning (2 lv),2,XorThenClean,"clean (interp+cleaning, k+1 lv)",5,32,38,11,8,45,9,AddRoundKey,297.577,7,19.941,8.712,0.002384,131072,0.002384,0
2026-09-07T18:20:24+02:00,11,4,2048,1024,1788798024807241853,9,2,sq ((x-y)^2),Cleaning (2 lv),2,XorThenClean,"clean (interp+cleaning, k+1 lv)",5,32,38,11,8,46,9,Cleaning,539.450,5,26.432,15.836,0.000017,131072,0.000017,0
2026-09-07T18:20:24+02:00,11,4,2048,1024,1788798024807241853,9,2,sq ((x-y)^2),Cleaning (2 lv),2,XorThenClean,"clean (interp+cleaning, k+1 lv)",5,32,38,11,8,47,10,SubBytes,3760.333,2,16.656,12.996,0.000122,131072,0.000122,0
2026-09-07T18:20:24+02:00,11,4,2048,1024,1788798024807241853,9,2,sq ((x-y)^2),Cleaning (2 lv),2,XorThenClean,"clean (interp+cleaning, k+1 lv)",5,32,38,11,8,48,10,Refresh,29547.635,11,17.897,12.714,0.000149,131072,0.000149,0
2026-09-07T18:20:24+02:00,11,4,2048,1024,1788798024807241853,9,2,sq ((x-y)^2),Cleaning (2 lv),2,XorThenClean,"clean (interp+cleaning, k+1 lv)",5,32,38,11,8,49,10,AddRoundKey,398.493,10,22.518,11.714,0.000298,131072,0.000298,0
2026-09-07T18:20:24+02:00,11,4,2048,1024,1788798024807241853,9,2,sq ((x-y)^2),Cleaning (2 lv),2,XorThenClean,"clean (interp+cleaning, k+1 lv)",5,32,38,11,8,50,10,Cleaning,777.889,8,27.584,21.727,0.000000,131072,0.000000,0
2026-09-08T09:01:00+02:00,11,4,2048,1024,1788850860349713646,9,2,sq ((x-y)^2),Cleaning (2 lv),2,XorThenClean,"half (demi-spectre, k lv)",4,31,38,11,8,1,0,FirstRound,223.988,5,30.419,25.769,0.000000,131072,0.000000,0
2026-09-08T09:01:00+02:00,11,4,2048,1024,1788850860349713646,9,2,sq ((x-y)^2),Cleaning (2 lv),2,XorThenClean,"half (demi-spectre, k lv)",4,31,38,11,8,2,1,SubBytes,3312.294,2,18.166,14.048,0.000059,131072,0.000059,0
2026-09-08T09:01:00+02:00,11,4,2048,1024,1788850860349713646,9,2,sq ((x-y)^2),Cleaning (2 lv),2,XorThenClean,"half (demi-spectre, k lv)",4,31,38,11,8,3,1,Refresh,23023.090,11,13.673,9.588,0.001299,131072,0.001299,0
2026-09-08T09:01:00+02:00,11,4,2048,1024,1788850860349713646,9,2,sq ((x-y)^2),Cleaning (2 lv),2,XorThenClean,"half (demi-spectre, k lv)",4,31,38,11,8,4,1,MixColumns,1560.689,8,18.209,6.172,0.013871,131072,0.013871,0
2026-09-08T09:01:00+02:00,11,4,2048,1024,1788850860349713646,9,2,sq ((x-y)^2),Cleaning (2 lv),2,XorThenClean,"half (demi-spectre, k lv)",4,31,38,11,8,5,1,AddRoundKey,300.238,7,20.260,5.418,0.023396,131072,0.023396,0
2026-09-08T09:01:00+02:00,11,4,2048,1024,1788850860349713646,9,2,sq ((x-y)^2),Cleaning (2 lv),2,XorThenClean,"half (demi-spectre, k lv)",4,31,38,11,8,6,1,Cleaning,520.811,5,26.661,9.273,0.001616,131072,0.001616,0
2026-09-08T09:01:00+02:00,11,4,2048,1024,1788850860349713646,9,2,sq ((x-y)^2),Cleaning (2 lv),2,XorThenClean,"half (demi-spectre, k lv)",4,31,38,11,8,7,2,SubBytes,3366.046,2,16.368,9.251,0.001641,131072,0.001641,0
2026-09-08T09:01:00+02:00,11,4,2048,1024,1788850860349713646,9,2,sq ((x-y)^2),Cleaning (2 lv),2,XorThenClean,"half (demi-spectre, k lv)",4,31,38,11,8,8,2,Refresh,22047.449,11,11.973,5.758,0.018477,131072,0.018477,0
2026-09-08T09:01:00+02:00,11,4,2048,1024,1788850860349713646,9,2,sq ((x-y)^2),Cleaning (2 lv),2,XorThenClean,"half (demi-spectre, k lv)",4,31,38,11,8,9,2,MixColumns,1619.125,8,15.825,2.718,0.152002,131072,0.152002,0
2026-09-08T09:01:00+02:00,11,4,2048,1024,1788850860349713646,9,2,sq ((x-y)^2),Cleaning (2 lv),2,XorThenClean,"half (demi-spectre, k lv)",4,31,38,11,8,10,2,AddRoundKey,282.628,7,18.469,1.661,0.316180,131072,0.316180,0
2026-09-08T09:01:00+02:00,11,4,2048,1024,1788850860349713646,9,2,sq ((x-y)^2),Cleaning (2 lv),2,XorThenClean,"half (demi-spectre, k lv)",4,31,38,11,8,11,2,Cleaning,504.205,5,25.763,1.461,0.363128,131072,0.363128,0
2026-09-08T09:01:00+02:00,11,4,2048,1024,1788850860349713646,9,2,sq ((x-y)^2),Cleaning (2 lv),2,XorThenClean,"half (demi-spectre, k lv)",4,31,38,11,8,12,3,SubBytes,3379.879,2,15.011,1.461,0.363145,131072,0.363145,0
2026-09-08T09:01:00+02:00,11,4,2048,1024,1788850860349713646,9,2,sq ((x-y)^2),Cleaning (2 lv),2,XorThenClean,"half (demi-spectre, k lv)",4,31,38,11,8,13,3,Refresh,22601.895,11,10.564,-0.266,1.202079,131072,0.499915,30
2026-09-08T09:01:00+02:00,11,4,2048,1024,1788850860349713646,9,2,sq ((x-y)^2),Cleaning (2 lv),2,XorThenClean,"half (demi-spectre, k lv)",4,31,38,11,8,14,3,MixColumns,1704.427,8,13.016,-4.603,24.293762,131072,24.293762,233
2026-09-08T09:01:00+02:00,11,4,2048,1024,1788850860349713646,9,2,sq ((x-y)^2),Cleaning (2 lv),2,XorThenClean,"half (demi-spectre, k lv)",4,31,38,11,8,15,3,AddRoundKey,292.150,7,15.734,-9.319,638.774376,131072,638.774376,344
2026-09-08T09:01:00+02:00,11,4,2048,1024,1788850860349713646,9,2,sq ((x-y)^2),Cleaning (2 lv),2,XorThenClean,"half (demi-spectre, k lv)",4,31,38,11,8,16,3,Cleaning,519.432,5,22.263,-28.961,522505768.668899,131072,522505767.668899,544
2026-09-08T09:01:00+02:00,11,4,2048,1024,1788850860349713646,9,2,sq ((x-y)^2),Cleaning (2 lv),2,XorThenClean,"half (demi-spectre, k lv)",4,31,38,11,8,17,4,SubBytes,3503.639,2,10.269,-54.915,33959740301787112.000000,131072,33959740301787112.000000,556
2026-09-08T09:01:00+02:00,11,4,2048,1024,1788850860349713646,9,2,sq ((x-y)^2),Cleaning (2 lv),2,XorThenClean,"half (demi-spectre, k lv)",4,31,38,11,8,18,4,Refresh,22849.327,11,6.265,-0.585,1.500249,131072,0.500249,1014
2026-09-08T09:01:00+02:00,11,4,2048,1024,1788850860349713646,9,2,sq ((x-y)^2),Cleaning (2 lv),2,XorThenClean,"half (demi-spectre, k lv)",4,31,38,11,8,19,4,MixColumns,1675.369,8,4.437,-7.454,175.337340,131072,174.337340,1024
2026-09-08T09:01:00+02:00,11,4,2048,1024,1788850860349713646,9,2,sq ((x-y)^2),Cleaning (2 lv),2,XorThenClean,"half (demi-spectre, k lv)",4,31,38,11,8,20,4,AddRoundKey,298.285,7,5.669,-14.908,30743.182802,131072,30742.182802,1024
2026-09-08T09:01:00+02:00,11,4,2048,1024,1788850860349713646,9,2,sq ((x-y)^2),Cleaning (2 lv),2,XorThenClean,"half (demi-spectre, k lv)",4,31,38,11,8,21,4,Cleaning,512.221,5,7.629,-45.724,58110590375434.578125,131072,58110590375434.578125,1024
2026-09-08T09:01:00+02:00,11,4,2048,1024,1788850860349713646,9,2,sq ((x-y)^2),Cleaning (2 lv),2,XorThenClean,"half (demi-spectre, k lv)",4,31,38,11,8,22,5,SubBytes,3436.279,2,-31.299,-107.677,259333566869788789860263515914240.000000,131072,259333566869788789860263515914240.000000,1024
2026-09-08T09:01:00+02:00,11,4,2048,1024,1788850860349713646,9,2,sq ((x-y)^2),Cleaning (2 lv),2,XorThenClean,"half (demi-spectre, k lv)",4,31,38,11,8,23,5,Refresh,23702.025,11,1.673,-0.585,1.500147,131072,0.500147,1024
2026-09-08T09:01:00+02:00,11,4,2048,1024,1788850860349713646,9,2,sq ((x-y)^2),Cleaning (2 lv),2,XorThenClean,"half (demi-spectre, k lv)",4,31,38,11,8,24,5,MixColumns,1655.140,8,1.650,-7.812,224.767052,131072,223.767052,1024
2026-09-08T09:01:00+02:00,11,4,2048,1024,1788850860349713646,9,2,sq ((x-y)^2),Cleaning (2 lv),2,XorThenClean,"half (demi-spectre, k lv)",4,31,38,11,8,25,5,AddRoundKey,317.839,7,2.053,-15.625,50520.227731,131072,50519.227731,1024
2026-09-08T09:01:00+02:00,11,4,2048,1024,1788850860349713646,9,2,sq ((x-y)^2),Cleaning (2 lv),2,XorThenClean,"half (demi-spectre, k lv)",4,31,38,11,8,26,5,Cleaning,574.580,5,2.060,-47.874,257877231739885.937500,131072,257877231739885.937500,1024
2026-09-08T09:01:00+02:00,11,4,2048,1024,1788850860349713646,9,2,sq ((x-y)^2),Cleaning (2 lv),2,XorThenClean,"half (demi-spectre, k lv)",4,31,38,11,8,27,6,SubBytes,3620.797,2,-58.094,-111.978,5115346121931831018614919117406208.000000,131072,5115346121931831018614919117406208.000000,1024
2026-09-08T09:01:00+02:00,11,4,2048,1024,1788850860349713646,9,2,sq ((x-y)^2),Cleaning (2 lv),2,XorThenClean,"half (demi-spectre, k lv)",4,31,38,11,8,28,6,Refresh,23325.564,11,1.664,-0.585,1.500059,131072,0.500197,1024
2026-09-08T09:01:00+02:00,11,4,2048,1024,1788850860349713646,9,2,sq ((x-y)^2),Cleaning (2 lv),2,XorThenClean,"half (demi-spectre, k lv)",4,31,38,11,8,29,6,MixColumns,1576.920,8,1.641,-7.905,239.726529,131072,239.726529,1024
2026-09-08T09:01:00+02:00,11,4,2048,1024,1788850860349713646,9,2,sq ((x-y)^2),Cleaning (2 lv),2,XorThenClean,"half (demi-spectre, k lv)",4,31,38,11,8,30,6,AddRoundKey,286.831,7,2.077,-15.810,57468.809552,131072,57467.809552,1024
2026-09-08T09:01:00+02:00,11,4,2048,1024,1788850860349713646,9,2,sq ((x-y)^2),Cleaning (2 lv),2,XorThenClean,"half (demi-spectre, k lv)",4,31,38,11,8,31,6,Cleaning,505.692,5,2.126,-48.431,379590437063844.250000,131072,379590437063844.250000,1024
2026-09-08T09:01:00+02:00,11,4,2048,1024,1788850860349713646,9,2,sq ((x-y)^2),Cleaning (2 lv),2,XorThenClean,"half (demi-spectre, k lv)",4,31,38,11,8,32,7,SubBytes,3424.004,2,-61.783,-111.014,2620988774086731357052782143078400.000000,131072,2620988774086731357052782143078400.000000,1024
2026-09-08T09:01:00+02:00,11,4,2048,1024,1788850860349713646,9,2,sq ((x-y)^2),Cleaning (2 lv),2,XorThenClean,"half (demi-spectre, k lv)",4,31,38,11,8,33,7,Refresh,23864.267,11,1.669,-0.585,1.500014,131072,0.500014,1024
2026-09-08T09:01:00+02:00,11,4,2048,1024,1788850860349713646,9,2,sq ((x-y)^2),Cleaning (2 lv),2,XorThenClean,"half (demi-spectre, k lv)",4,31,38,11,8,34,7,MixColumns,1804.228,8,1.655,-7.375,165.987991,131072,165.987991,1024
2026-09-08T09:01:00+02:00,11,4,2048,1024,1788850860349713646,9,2,sq ((x-y)^2),Cleaning (2 lv),2,XorThenClean,"half (demi-spectre, k lv)",4,31,38,11,8,35,7,AddRoundKey,325.812,7,2.048,-14.767,27883.989269,131072,27883.989269,1024
2026-09-08T09:01:00+02:00,11,4,2048,1024,1788850860349713646,9,2,sq ((x-y)^2),Cleaning (2 lv),2,XorThenClean,"half (demi-spectre, k lv)",4,31,38,11,8,36,7,Cleaning,516.741,5,2.104,-45.302,43362875975041.656250,131072,43362875975040.656250,1024
2026-09-08T09:01:00+02:00,11,4,2048,1024,1788850860349713646,9,2,sq ((x-y)^2),Cleaning (2 lv),2,XorThenClean,"half (demi-spectre, k lv)",4,31,38,11,8,37,8,SubBytes,3536.501,2,-62.977,-110.628,2005901719619463828137005367164928.000000,131072,2005901719619463828137005367164928.000000,1024
2026-09-08T09:01:00+02:00,11,4,2048,1024,1788850860349713646,9,2,sq ((x-y)^2),Cleaning (2 lv),2,XorThenClean,"half (demi-spectre, k lv)",4,31,38,11,8,38,8,Refresh,24257.802,11,1.674,-0.585,1.500145,131072,0.500145,1024
2026-09-08T09:01:00+02:00,11,4,2048,1024,1788850860349713646,9,2,sq ((x-y)^2),Cleaning (2 lv),2,XorThenClean,"half (demi-spectre, k lv)",4,31,38,11,8,39,8,MixColumns,1729.813,8,1.642,-7.668,203.399311,131072,203.399311,1024
2026-09-08T09:01:00+02:00,11,4,2048,1024,1788850860349713646,9,2,sq ((x-y)^2),Cleaning (2 lv),2,XorThenClean,"half (demi-spectre, k lv)",4,31,38,11,8,40,8,AddRoundKey,300.947,7,2.064,-15.350,41778.078528,131072,41778.078528,1024
2026-09-08T09:01:00+02:00,11,4,2048,1024,1788850860349713646,9,2,sq ((x-y)^2),Cleaning (2 lv),2,XorThenClean,"half (demi-spectre, k lv)",4,31,38,11,8,41,8,Cleaning,534.551,5,2.125,-47.051,145844808290135.875000,131072,145844808290134.875000,1024
2026-09-08T09:01:00+02:00,11,4,2048,1024,1788850860349713646,9,2,sq ((x-y)^2),Cleaning (2 lv),2,XorThenClean,"half (demi-spectre, k lv)",4,31,38,11,8,42,9,SubBytes,3575.970,2,-51.893,-108.692,524301274740343296054385342152704.000000,131072,524301274740343296054385342152704.000000,1024
2026-09-08T09:01:00+02:00,11,4,2048,1024,1788850860349713646,9,2,sq ((x-y)^2),Cleaning (2 lv),2,XorThenClean,"half (demi-spectre, k lv)",4,31,38,11,8,43,9,Refresh,25091.449,11,1.666,-0.585,1.500088,131072,0.500163,1024
2026-09-08T09:01:00+02:00,11,4,2048,1024,1788850860349713646,9,2,sq ((x-y)^2),Cleaning (2 lv),2,XorThenClean,"half (demi-spectre, k lv)",4,31,38,11,8,44,9,MixColumns,1852.222,8,1.636,-7.894,237.796348,131072,236.796348,1024
2026-09-08T09:01:00+02:00,11,4,2048,1024,1788850860349713646,9,2,sq ((x-y)^2),Cleaning (2 lv),2,XorThenClean,"half (demi-spectre, k lv)",4,31,38,11,8,45,9,AddRoundKey,334.422,7,2.121,-15.787,56547.103160,131072,56546.103160,1024
2026-09-08T09:01:00+02:00,11,4,2048,1024,1788850860349713646,9,2,sq ((x-y)^2),Cleaning (2 lv),2,XorThenClean,"half (demi-spectre, k lv)",4,31,38,11,8,46,9,Cleaning,579.370,5,2.129,-48.361,361617599995344.250000,131072,361617599995344.250000,1024
2026-09-08T09:01:00+02:00,11,4,2048,1024,1788850860349713646,9,2,sq ((x-y)^2),Cleaning (2 lv),2,XorThenClean,"half (demi-spectre, k lv)",4,31,38,11,8,47,10,SubBytes,3900.442,2,-60.501,-110.816,2284986552242607960979819584290816.000000,131072,2284986552242607960979819584290816.000000,1024
2026-09-08T09:01:00+02:00,11,4,2048,1024,1788850860349713646,9,2,sq ((x-y)^2),Cleaning (2 lv),2,XorThenClean,"half (demi-spectre, k lv)",4,31,38,11,8,48,10,Refresh,23367.807,11,1.677,-0.585,1.500177,131072,0.500177,1024
2026-09-08T09:01:00+02:00,11,4,2048,1024,1788850860349713646,9,2,sq ((x-y)^2),Cleaning (2 lv),2,XorThenClean,"half (demi-spectre, k lv)",4,31,38,11,8,49,10,AddRoundKey,361.381,10,2.265,-1.170,2.250531,131072,1.250531,1024
2026-09-08T09:01:00+02:00,11,4,2048,1024,1788850860349713646,9,2,sq ((x-y)^2),Cleaning (2 lv),2,XorThenClean,"half (demi-spectre, k lv)",4,31,38,11,8,50,10,Cleaning,732.992,8,3.751,-3.104,8.600783,131072,7.602713,1024
2026-09-08T09:35:19+02:00,12,4,4096,2048,1788852919160215531,9,2,sq ((x-y)^2),Cleaning (2 lv),2,XorThenClean,"half (demi-spectre, k lv)",4,31,38,11,8,1,0,FirstRound,676.008,5,29.951,25.279,0.000000,262144,0.000000,0
2026-09-08T09:35:19+02:00,12,4,4096,2048,1788852919160215531,9,2,sq ((x-y)^2),Cleaning (2 lv),2,XorThenClean,"half (demi-spectre, k lv)",4,31,38,11,8,2,1,SubBytes,8028.124,2,18.535,13.509,0.000086,262144,0.000086,0
2026-09-08T09:35:19+02:00,12,4,4096,2048,1788852919160215531,9,2,sq ((x-y)^2),Cleaning (2 lv),2,XorThenClean,"half (demi-spectre, k lv)",4,31,38,11,8,3,1,Refresh,67629.214,11,13.381,9.406,0.001474,262144,0.001474,0
2026-09-08T09:35:19+02:00,12,4,4096,2048,1788852919160215531,9,2,sq ((x-y)^2),Cleaning (2 lv),2,XorThenClean,"half (demi-spectre, k lv)",4,31,38,11,8,4,1,MixColumns,5599.070,8,17.642,6.137,0.014213,262144,0.014213,0
2026-09-08T09:35:19+02:00,12,4,4096,2048,1788852919160215531,9,2,sq ((x-y)^2),Cleaning (2 lv),2,XorThenClean,"half (demi-spectre, k lv)",4,31,38,11,8,5,1,AddRoundKey,851.547,7,19.849,5.146,0.028236,262144,0.028236,0
2026-09-08T09:35:19+02:00,12,4,4096,2048,1788852919160215531,9,2,sq ((x-y)^2),Cleaning (2 lv),2,XorThenClean,"half (demi-spectre, k lv)",4,31,38,11,8,6,1,Cleaning,1624.022,5,25.744,8.735,0.002347,262144,0.002347,0
2026-09-08T09:35:19+02:00,12,4,4096,2048,1788852919160215531,9,2,sq ((x-y)^2),Cleaning (2 lv),2,XorThenClean,"half (demi-spectre, k lv)",4,31,38,11,8,7,2,SubBytes,10907.144,2,15.504,8.478,0.002804,262144,0.002804,0
2026-09-08T09:35:19+02:00,12,4,4096,2048,1788852919160215531,9,2,sq ((x-y)^2),Cleaning (2 lv),2,XorThenClean,"half (demi-spectre, k lv)",4,31,38,11,8,8,2,Refresh,70719.459,11,11.031,4.177,0.055278,262144,0.055278,0
2026-09-08T09:35:19+02:00,12,4,4096,2048,1788852919160215531,9,2,sq ((x-y)^2),Cleaning (2 lv),2,XorThenClean,"half (demi-spectre, k lv)",4,31,38,11,8,9,2,MixColumns,4047.085,8,14.565,1.445,0.367283,262144,0.367283,0
2026-09-08T09:35:19+02:00,12,4,4096,2048,1788852919160215531,9,2,sq ((x-y)^2),Cleaning (2 lv),2,XorThenClean,"half (demi-spectre, k lv)",4,31,38,11,8,10,2,AddRoundKey,724.024,7,17.925,0.883,0.542090,262144,0.542090,0
2026-09-08T09:35:19+02:00,12,4,4096,2048,1788852919160215531,9,2,sq ((x-y)^2),Cleaning (2 lv),2,XorThenClean,"half (demi-spectre, k lv)",4,31,38,11,8,11,2,Cleaning,1271.486,5,24.502,-0.263,1.200183,262144,0.418293,2
2026-09-08T09:35:19+02:00,12,4,4096,2048,1788852919160215531,9,2,sq ((x-y)^2),Cleaning (2 lv),2,XorThenClean,"half (demi-spectre, k lv)",4,31,38,11,8,12,3,SubBytes,8024.900,2,13.740,-0.263,1.200056,262144,0.418316,2
2026-09-08T09:35:19+02:00,12,4,4096,2048,1788852919160215531,9,2,sq ((x-y)^2),Cleaning (2 lv),2,XorThenClean,"half (demi-spectre, k lv)",4,31,38,11,8,13,3,Refresh,58001.238,11,9.100,-0.539,1.452977,262144,0.500049,96
2026-09-08T09:35:19+02:00,12,4,4096,2048,1788852919160215531,9,2,sq ((x-y)^2),Cleaning (2 lv),2,XorThenClean,"half (demi-spectre, k lv)",4,31,38,11,8,14,3,MixColumns,3873.484,8,10.500,-4.850,28.837083,262144,28.837083,1187
2026-09-08T09:35:19+02:00,12,4,4096,2048,1788852919160215531,9,2,sq ((x-y)^2),Cleaning (2 lv),2,XorThenClean,"half (demi-spectre, k lv)",4,31,38,11,8,15,3,AddRoundKey,675.900,7,13.416,-9.796,889.240724,262144,889.240724,1523
2026-09-08T09:35:19+02:00,12,4,4096,2048,1788852919160215531,9,2,sq ((x-y)^2),Cleaning (2 lv),2,XorThenClean,"half (demi-spectre, k lv)",4,31,38,11,8,16,3,Cleaning,1142.391,5,18.889,-30.392,1408704789.557220,262144,1408704788.557220,1824
2026-09-08T09:35:19+02:00,12,4,4096,2048,1788852919160215531,9,2,sq ((x-y)^2),Cleaning (2 lv),2,XorThenClean,"half (demi-spectre, k lv)",4,31,38,11,8,17,4,SubBytes,8085.628,2,-2.068,-74.043,19454256852516460298240.000000,262144,19454256852516460298240.000000,2048
2026-09-08T09:35:19+02:00,12,4,4096,2048,1788852919160215531,9,2,sq ((x-y)^2),Cleaning (2 lv),2,XorThenClean,"half (demi-spectre, k lv)",4,31,38,11,8,18,4,Refresh,59420.705,11,2.704,-0.585,1.499962,262144,0.500195,2048
2026-09-08T09:35:19+02:00,12,4,4096,2048,1788852919160215531,9,2,sq ((x-y)^2),Cleaning (2 lv),2,XorThenClean,"half (demi-spectre, k lv)",4,31,38,11,8,19,4,MixColumns,3727.100,8,1.776,-7.946,246.561265,262144,246.561265,2048
2026-09-08T09:35:19+02:00,12,4,4096,2048,1788852919160215531,9,2,sq ((x-y)^2),Cleaning (2 lv),2,XorThenClean,"half (demi-spectre, k lv)",4,31,38,11,8,20,4,AddRoundKey,684.511,7,2.301,-15.892,60792.459020,262144,60791.459020,2048
2026-09-08T09:35:19+02:00,12,4,4096,2048,1788852919160215531,9,2,sq ((x-y)^2),Cleaning (2 lv),2,XorThenClean,"half (demi-spectre, k lv)",4,31,38,11,8,21,4,Cleaning,1219.463,5,2.495,-48.675,449333099842111.125000,262144,449333099842111.125000,2048
2026-09-08T09:35:19+02:00,12,4,4096,2048,1788852919160215531,9,2,sq ((x-y)^2),Cleaning (2 lv),2,XorThenClean,"half (demi-spectre, k lv)",4,31,38,11,8,22,5,SubBytes,7807.414,2,-41.343,-107.967,317262017480400996209326278311936.000000,262144,317262017480400996209326278311936.000000,2048
2026-09-08T09:35:19+02:00,12,4,4096,2048,1788852919160215531,9,2,sq ((x-y)^2),Cleaning (2 lv),2,XorThenClean,"half (demi-spectre, k lv)",4,31,38,11,8,23,5,Refresh,57816.693,11,1.676,-0.585,1.500094,262144,0.500180,2048
2026-09-08T09:35:19+02:00,12,4,4096,2048,1788852919160215531,9,2,sq ((x-y)^2),Cleaning (2 lv),2,XorThenClean,"half (demi-spectre, k lv)",4,31,38,11,8,24,5,MixColumns,3788.346,8,1.646,-7.800,222.815588,262144,221.815588,2048
2026-09-08T09:35:19+02:00,12,4,4096,2048,1788852919160215531,9,2,sq ((x-y)^2),Cleaning (2 lv),2,XorThenClean,"half (demi-spectre, k lv)",4,31,38,11,8,25,5,AddRoundKey,657.898,7,2.068,-15.599,49646.182386,262144,49645.182386,2048
2026-09-08T09:35:19+02:00,12,4,4096,2048,1788852919160215531,9,2,sq ((x-y)^2),Cleaning (2 lv),2,XorThenClean,"half (demi-spectre, k lv)",4,31,38,11,8,26,5,Cleaning,1172.044,5,2.077,-47.798,244722809048031.625000,262144,244722809048031.625000,2048
2026-09-08T09:35:19+02:00,12,4,4096,2048,1788852919160215531,9,2,sq ((x-y)^2),Cleaning (2 lv),2,XorThenClean,"half (demi-spectre, k lv)",4,31,38,11,8,27,6,SubBytes,8745.188,2,-63.661,-112.761,8797433718608660859359375384379392.000000,262144,8797433718608660859359375384379392.000000,2048
2026-09-08T09:35:19+02:00,12,4,4096,2048,1788852919160215531,9,2,sq ((x-y)^2),Cleaning (2 lv),2,XorThenClean,"half (demi-spectre, k lv)",4,31,38,11,8,28,6,Refresh,70766.857,11,1.678,-0.585,1.500190,262144,0.500194,2048
2026-09-08T09:35:19+02:00,12,4,4096,2048,1788852919160215531,9,2,sq ((x-y)^2),Cleaning (2 lv),2,XorThenClean,"half (demi-spectre, k lv)",4,31,38,11,8,29,6,MixColumns,5219.434,8,1.646,-7.744,214.342094,262144,214.342094,2048
2026-09-08T09:35:19+02:00,12,4,4096,2048,1788852919160215531,9,2,sq ((x-y)^2),Cleaning (2 lv),2,XorThenClean,"half (demi-spectre, k lv)",4,31,38,11,8,30,6,AddRoundKey,1010.297,7,2.078,-15.501,46371.217549,262144,46371.217549,2048
2026-09-08T09:35:19+02:00,12,4,4096,2048,1788852919160215531,9,2,sq ((x-y)^2),Cleaning (2 lv),2,XorThenClean,"half (demi-spectre, k lv)",4,31,38,11,8,31,6,Cleaning,1442.768,5,2.106,-47.503,199429564666314.062500,262144,199429564666313.062500,2048
2026-09-08T09:35:19+02:00,12,4,4096,2048,1788852919160215531,9,2,sq ((x-y)^2),Cleaning (2 lv),2,XorThenClean,"half (demi-spectre, k lv)",4,31,38,11,8,32,7,SubBytes,9460.462,2,-51.173,-109.311,805399088211801282508047647768576.000000,262144,805399088211801282508047647768576.000000,2048
2026-09-08T09:35:19+02:00,12,4,4096,2048,1788852919160215531,9,2,sq ((x-y)^2),Cleaning (2 lv),2,XorThenClean,"half (demi-spectre, k lv)",4,31,38,11,8,33,7,Refresh,64005.553,11,1.679,-0.585,1.500132,262144,0.500132,2048
2026-09-08T09:35:19+02:00,12,4,4096,2048,1788852919160215531,9,2,sq ((x-y)^2),Cleaning (2 lv),2,XorThenClean,"half (demi-spectre, k lv)",4,31,38,11,8,34,7,MixColumns,3847.514,8,1.657,-7.836,228.460227,262144,227.460227,2048
2026-09-08T09:35:19+02:00,12,4,4096,2048,1788852919160215531,9,2,sq ((x-y)^2),Cleaning (2 lv),2,XorThenClean,"half (demi-spectre, k lv)",4,31,38,11,8,35,7,AddRoundKey,864.751,7,2.057,-15.672,52194.075222,262144,52193.075222,2048
2026-09-08T09:35:19+02:00,12,4,4096,2048,1788852919160215531,9,2,sq ((x-y)^2),Cleaning (2 lv),2,XorThenClean,"half (demi-spectre, k lv)",4,31,38,11,8,36,7,Cleaning,1348.891,5,2.053,-48.015,284368269896356.312500,262144,284368269896356.312500,2048
2026-09-08T09:35:19+02:00,12,4,4096,2048,1788852919160215531,9,2,sq ((x-y)^2),Cleaning (2 lv),2,XorThenClean,"half (demi-spectre, k lv)",4,31,38,11,8,37,8,SubBytes,8572.486,2,-40.911,-112.743,8687455883715340544634204895313920.000000,262144,8687455883715340544634204895313920.000000,2048
2026-09-08T09:35:19+02:00,12,4,4096,2048,1788852919160215531,9,2,sq ((x-y)^2),Cleaning (2 lv),2,XorThenClean,"half (demi-spectre, k lv)",4,31,38,11,8,38,8,Refresh,57380.940,11,1.668,-0.585,1.500157,262144,0.500157,2048
2026-09-08T09:35:19+02:00,12,4,4096,2048,1788852919160215531,9,2,sq ((x-y)^2),Cleaning (2 lv),2,XorThenClean,"half (demi-spectre, k lv)",4,31,38,11,8,39,8,MixColumns,4064.815,8,1.657,-7.764,217.377738,262144,216.377738,2048
2026-09-08T09:35:19+02:00,12,4,4096,2048,1788852919160215531,9,2,sq ((x-y)^2),Cleaning (2 lv),2,XorThenClean,"half (demi-spectre, k lv)",4,31,38,11,8,40,8,AddRoundKey,756.675,7,2.099,-15.515,46817.753560,262144,46817.753560,2048
2026-09-08T09:35:19+02:00,12,4,4096,2048,1788852919160215531,9,2,sq ((x-y)^2),Cleaning (2 lv),2,XorThenClean,"half (demi-spectre, k lv)",4,31,38,11,8,41,8,Cleaning,1299.535,5,2.197,-47.544,205246435566055.375000,262144,205246435566054.375000,2048
2026-09-08T09:35:19+02:00,12,4,4096,2048,1788852919160215531,9,2,sq ((x-y)^2),Cleaning (2 lv),2,XorThenClean,"half (demi-spectre, k lv)",4,31,38,11,8,42,9,SubBytes,8251.674,2,-39.166,-110.754,2189077118848128195241222992822272.000000,262144,2189077118848128195241222992822272.000000,2048
2026-09-08T09:35:19+02:00,12,4,4096,2048,1788852919160215531,9,2,sq ((x-y)^2),Cleaning (2 lv),2,XorThenClean,"half (demi-spectre, k lv)",4,31,38,11,8,43,9,Refresh,60388.462,11,1.673,-0.585,1.500177,262144,0.500194,2048
2026-09-08T09:35:19+02:00,12,4,4096,2048,1788852919160215531,9,2,sq ((x-y)^2),Cleaning (2 lv),2,XorThenClean,"half (demi-spectre, k lv)",4,31,38,11,8,44,9,MixColumns,3827.406,8,1.652,-7.817,225.469691,262144,224.469691,2048
2026-09-08T09:35:19+02:00,12,4,4096,2048,1788852919160215531,9,2,sq ((x-y)^2),Cleaning (2 lv),2,XorThenClean,"half (demi-spectre, k lv)",4,31,38,11,8,45,9,AddRoundKey,895.271,7,2.139,-15.621,50385.643828,262144,50385.643828,2048
2026-09-08T09:35:19+02:00,12,4,4096,2048,1788852919160215531,9,2,sq ((x-y)^2),Cleaning (2 lv),2,XorThenClean,"half (demi-spectre, k lv)",4,31,38,11,8,46,9,Cleaning,1366.623,5,2.170,-47.862,255837004614602.625000,262144,255837004614601.625000,2048
2026-09-08T09:35:19+02:00,12,4,4096,2048,1788852919160215531,9,2,sq ((x-y)^2),Cleaning (2 lv),2,XorThenClean,"half (demi-spectre, k lv)",4,31,38,11,8,47,10,SubBytes,8433.664,2,-57.219,-109.412,863784802223939251840962753724416.000000,262144,863784802223939251840962753724416.000000,2048
2026-09-08T09:35:19+02:00,12,4,4096,2048,1788852919160215531,9,2,sq ((x-y)^2),Cleaning (2 lv),2,XorThenClean,"half (demi-spectre, k lv)",4,31,38,11,8,48,10,Refresh,61664.561,11,1.671,-0.585,1.500098,262144,0.500186,2048
2026-09-08T09:35:19+02:00,12,4,4096,2048,1788852919160215531,9,2,sq ((x-y)^2),Cleaning (2 lv),2,XorThenClean,"half (demi-spectre, k lv)",4,31,38,11,8,49,10,AddRoundKey,1013.735,10,2.261,-1.170,2.249570,262144,1.250110,2048
2026-09-08T09:35:19+02:00,12,4,4096,2048,1788852919160215531,9,2,sq ((x-y)^2),Cleaning (2 lv),2,XorThenClean,"half (demi-spectre, k lv)",4,31,38,11,8,50,10,Cleaning,1847.965,8,3.743,-3.104,8.595614,262144,7.595614,2048
