run_ts,host,gomaxprocs,go_version,git_commit,logn,k,slots,blocks,seed,rounds,subbytes,xor,clean,cleandepth,place,extract,extractlv,logscale,primes,logq0,logq,logp,logqp,dnum,digit_bits,marge,q_sizes,p_sizes,chain_id,h,h_tilde,s2c_levels,c2s_levels,mod1_type,mod1_deg,mod1_k,logmsgratio,galois_keys,key_gb,keygen_ms,dft_ms,refresh_lv,ark_lv,seq,round,step,ms,elapsed_ms,level,prec_avg,prec_min,worst_err,slots_pooled,bit_err,blocks_wrong
2026-09-12T11:31:38+02:00,ordi-2-nathan,8,go1.26.7,ba0a1a36+,11,4,2048,1024,1789205498807533336,9,2,nosq (x+y-2xy),Cleaning (2 lv),2,XorThenClean,"clean (interp+cleaning, k+1 lv)",5,38,32,38,1238.0,336.0,1574.0,4,326.0,10.0,38 60 38 38 38 38 38 38 38 38 38 38 38 38 38 38 38 38 38 38 38 38 38 38 38 38 38 38 38 38 38 38,42 42 42 42 42 42 42 42,a7218f48,256,32,1,1 1 1,CosDiscrete,30,16,0,65,0.352,1986.3,4493.6,11,8,1,0,FirstRound,153.069,153.069,5,30.367,26.104,0.000000,131072,0.000000,0
2026-09-12T11:31:38+02:00,ordi-2-nathan,8,go1.26.7,ba0a1a36+,11,4,2048,1024,1789205498807533336,9,2,nosq (x+y-2xy),Cleaning (2 lv),2,XorThenClean,"clean (interp+cleaning, k+1 lv)",5,38,32,38,1238.0,336.0,1574.0,4,326.0,10.0,38 60 38 38 38 38 38 38 38 38 38 38 38 38 38 38 38 38 38 38 38 38 38 38 38 38 38 38 38 38 38 38,42 42 42 42 42 42 42 42,a7218f48,256,32,1,1 1 1,CosDiscrete,30,16,0,65,0.352,1986.3,4493.6,11,8,2,1,SubBytes,3767.536,3920.605,2,19.285,14.936,0.000032,131072,0.000032,0
2026-09-12T11:31:38+02:00,ordi-2-nathan,8,go1.26.7,ba0a1a36+,11,4,2048,1024,1789205498807533336,9,2,nosq (x+y-2xy),Cleaning (2 lv),2,XorThenClean,"clean (interp+cleaning, k+1 lv)",5,38,32,38,1238.0,336.0,1574.0,4,326.0,10.0,38 60 38 38 38 38 38 38 38 38 38 38 38 38 38 38 38 38 38 38 38 38 38 38 38 38 38 38 38 38 38 38,42 42 42 42 42 42 42 42,a7218f48,256,32,1,1 1 1,CosDiscrete,30,16,0,65,0.352,1986.3,4493.6,11,8,3,1,Refresh,22878.460,26799.066,11,21.346,15.529,0.000021,131072,0.000021,0
2026-09-12T11:31:38+02:00,ordi-2-nathan,8,go1.26.7,ba0a1a36+,11,4,2048,1024,1789205498807533336,9,2,nosq (x+y-2xy),Cleaning (2 lv),2,XorThenClean,"clean (interp+cleaning, k+1 lv)",5,38,32,38,1238.0,336.0,1574.0,4,326.0,10.0,38 60 38 38 38 38 38 38 38 38 38 38 38 38 38 38 38 38 38 38 38 38 38 38 38 38 38 38 38 38 38 38,42 42 42 42 42 42 42 42,a7218f48,256,32,1,1 1 1,CosDiscrete,30,16,0,65,0.352,1986.3,4493.6,11,8,4,1,MixColumns,1772.082,28571.149,8,14.352,12.723,0.000148,131072,0.000148,0
2026-09-12T11:31:38+02:00,ordi-2-nathan,8,go1.26.7,ba0a1a36+,11,4,2048,1024,1789205498807533336,9,2,nosq (x+y-2xy),Cleaning (2 lv),2,XorThenClean,"clean (interp+cleaning, k+1 lv)",5,38,32,38,1238.0,336.0,1574.0,4,326.0,10.0,38 60 38 38 38 38 38 38 38 38 38 38 38 38 38 38 38 38 38 38 38 38 38 38 38 38 38 38 38 38 38 38,42 42 42 42 42 42 42 42,a7218f48,256,32,1,1 1 1,CosDiscrete,30,16,0,65,0.352,1986.3,4493.6,11,8,5,1,AddRoundKey,312.699,28883.849,7,14.352,12.723,0.000148,131072,0.000148,0
2026-09-12T11:31:38+02:00,ordi-2-nathan,8,go1.26.7,ba0a1a36+,11,4,2048,1024,1789205498807533336,9,2,nosq (x+y-2xy),Cleaning (2 lv),2,XorThenClean,"clean (interp+cleaning, k+1 lv)",5,38,32,38,1238.0,336.0,1574.0,4,326.0,10.0,38 60 38 38 38 38 38 38 38 38 38 38 38 38 38 38 38 38 38 38 38 38 38 38 38 38 38 38 38 38 38 38,42 42 42 42 42 42 42 42,a7218f48,256,32,1,1 1 1,CosDiscrete,30,16,0,65,0.352,1986.3,4493.6,11,8,6,1,Cleaning,457.386,29341.235,5,26.754,23.589,0.000000,131072,0.000000,0
2026-09-12T11:31:38+02:00,ordi-2-nathan,8,go1.26.7,ba0a1a36+,11,4,2048,1024,1789205498807533336,9,2,nosq (x+y-2xy),Cleaning (2 lv),2,XorThenClean,"clean (interp+cleaning, k+1 lv)",5,38,32,38,1238.0,336.0,1574.0,4,326.0,10.0,38 60 38 38 38 38 38 38 38 38 38 38 38 38 38 38 38 38 38 38 38 38 38 38 38 38 38 38 38 38 38 38,42 42 42 42 42 42 42 42,a7218f48,256,32,1,1 1 1,CosDiscrete,30,16,0,65,0.352,1986.3,4493.6,11,8,7,2,SubBytes,3454.610,32795.846,2,18.322,14.258,0.000051,131072,0.000051,0
2026-09-12T11:31:38+02:00,ordi-2-nathan,8,go1.26.7,ba0a1a36+,11,4,2048,1024,1789205498807533336,9,2,nosq (x+y-2xy),Cleaning (2 lv),2,XorThenClean,"clean (interp+cleaning, k+1 lv)",5,38,32,38,1238.0,336.0,1574.0,4,326.0,10.0,38 60 38 38 38 38 38 38 38 38 38 38 38 38 38 38 38 38 38 38 38 38 38 38 38 38 38 38 38 38 38 38,42 42 42 42 42 42 42 42,a7218f48,256,32,1,1 1 1,CosDiscrete,30,16,0,65,0.352,1986.3,4493.6,11,8,8,2,Refresh,23198.456,55994.302,11,22.414,17.315,0.000006,131072,0.000006,0
2026-09-12T11:31:38+02:00,ordi-2-nathan,8,go1.26.7,ba0a1a36+,11,4,2048,1024,1789205498807533336,9,2,nosq (x+y-2xy),Cleaning (2 lv),2,XorThenClean,"clean (interp+cleaning, k+1 lv)",5,38,32,38,1238.0,336.0,1574.0,4,326.0,10.0,38 60 38 38 38 38 38 38 38 38 38 38 38 38 38 38 38 38 38 38 38 38 38 38 38 38 38 38 38 38 38 38,42 42 42 42 42 42 42 42,a7218f48,256,32,1,1 1 1,CosDiscrete,30,16,0,65,0.352,1986.3,4493.6,11,8,9,2,MixColumns,1827.693,57821.995,8,16.158,14.570,0.000041,131072,0.000041,0
2026-09-12T11:31:38+02:00,ordi-2-nathan,8,go1.26.7,ba0a1a36+,11,4,2048,1024,1789205498807533336,9,2,nosq (x+y-2xy),Cleaning (2 lv),2,XorThenClean,"clean (interp+cleaning, k+1 lv)",5,38,32,38,1238.0,336.0,1574.0,4,326.0,10.0,38 60 38 38 38 38 38 38 38 38 38 38 38 38 38 38 38 38 38 38 38 38 38 38 38 38 38 38 38 38 38 38,42 42 42 42 42 42 42 42,a7218f48,256,32,1,1 1 1,CosDiscrete,30,16,0,65,0.352,1986.3,4493.6,11,8,10,2,AddRoundKey,312.555,58134.550,7,16.158,14.570,0.000041,131072,0.000041,0
2026-09-12T11:31:38+02:00,ordi-2-nathan,8,go1.26.7,ba0a1a36+,11,4,2048,1024,1789205498807533336,9,2,nosq (x+y-2xy),Cleaning (2 lv),2,XorThenClean,"clean (interp+cleaning, k+1 lv)",5,38,32,38,1238.0,336.0,1574.0,4,326.0,10.0,38 60 38 38 38 38 38 38 38 38 38 38 38 38 38 38 38 38 38 38 38 38 38 38 38 38 38 38 38 38 38 38,42 42 42 42 42 42 42 42,a7218f48,256,32,1,1 1 1,CosDiscrete,30,16,0,65,0.352,1986.3,4493.6,11,8,11,2,Cleaning,457.757,58592.307,5,29.303,24.331,0.000000,131072,0.000000,0
2026-09-12T11:31:38+02:00,ordi-2-nathan,8,go1.26.7,ba0a1a36+,11,4,2048,1024,1789205498807533336,9,2,nosq (x+y-2xy),Cleaning (2 lv),2,XorThenClean,"clean (interp+cleaning, k+1 lv)",5,38,32,38,1238.0,336.0,1574.0,4,326.0,10.0,38 60 38 38 38 38 38 38 38 38 38 38 38 38 38 38 38 38 38 38 38 38 38 38 38 38 38 38 38 38 38 38,42 42 42 42 42 42 42 42,a7218f48,256,32,1,1 1 1,CosDiscrete,30,16,0,65,0.352,1986.3,4493.6,11,8,12,3,SubBytes,3672.507,62264.815,2,18.502,14.260,0.000051,131072,0.000051,0
2026-09-12T11:31:38+02:00,ordi-2-nathan,8,go1.26.7,ba0a1a36+,11,4,2048,1024,1789205498807533336,9,2,nosq (x+y-2xy),Cleaning (2 lv),2,XorThenClean,"clean (interp+cleaning, k+1 lv)",5,38,32,38,1238.0,336.0,1574.0,4,326.0,10.0,38 60 38 38 38 38 38 38 38 38 38 38 38 38 38 38 38 38 38 38 38 38 38 38 38 38 38 38 38 38 38 38,42 42 42 42 42 42 42 42,a7218f48,256,32,1,1 1 1,CosDiscrete,30,16,0,65,0.352,1986.3,4493.6,11,8,13,3,Refresh,23629.382,85894.197,11,22.400,17.314,0.000006,131072,0.000006,0
2026-09-12T11:31:38+02:00,ordi-2-nathan,8,go1.26.7,ba0a1a36+,11,4,2048,1024,1789205498807533336,9,2,nosq (x+y-2xy),Cleaning (2 lv),2,XorThenClean,"clean (interp+cleaning, k+1 lv)",5,38,32,38,1238.0,336.0,1574.0,4,326.0,10.0,38 60 38 38 38 38 38 38 38 38 38 38 38 38 38 38 38 38 38 38 38 38 38 38 38 38 38 38 38 38 38 38,42 42 42 42 42 42 42 42,a7218f48,256,32,1,1 1 1,CosDiscrete,30,16,0,65,0.352,1986.3,4493.6,11,8,14,3,MixColumns,1859.468,87753.665,8,16.159,14.567,0.000041,131072,0.000041,0
2026-09-12T11:31:38+02:00,ordi-2-nathan,8,go1.26.7,ba0a1a36+,11,4,2048,1024,1789205498807533336,9,2,nosq (x+y-2xy),Cleaning (2 lv),2,XorThenClean,"clean (interp+cleaning, k+1 lv)",5,38,32,38,1238.0,336.0,1574.0,4,326.0,10.0,38 60 38 38 38 38 38 38 38 38 38 38 38 38 38 38 38 38 38 38 38 38 38 38 38 38 38 38 38 38 38 38,42 42 42 42 42 42 42 42,a7218f48,256,32,1,1 1 1,CosDiscrete,30,16,0,65,0.352,1986.3,4493.6,11,8,15,3,AddRoundKey,321.677,88075.343,7,16.159,14.567,0.000041,131072,0.000041,0
2026-09-12T11:31:38+02:00,ordi-2-nathan,8,go1.26.7,ba0a1a36+,11,4,2048,1024,1789205498807533336,9,2,nosq (x+y-2xy),Cleaning (2 lv),2,XorThenClean,"clean (interp+cleaning, k+1 lv)",5,38,32,38,1238.0,336.0,1574.0,4,326.0,10.0,38 60 38 38 38 38 38 38 38 38 38 38 38 38 38 38 38 38 38 38 38 38 38 38 38 38 38 38 38 38 38 38,42 42 42 42 42 42 42 42,a7218f48,256,32,1,1 1 1,CosDiscrete,30,16,0,65,0.352,1986.3,4493.6,11,8,16,3,Cleaning,477.501,88552.844,5,29.304,24.341,0.000000,131072,0.000000,0
2026-09-12T11:31:38+02:00,ordi-2-nathan,8,go1.26.7,ba0a1a36+,11,4,2048,1024,1789205498807533336,9,2,nosq (x+y-2xy),Cleaning (2 lv),2,XorThenClean,"clean (interp+cleaning, k+1 lv)",5,38,32,38,1238.0,336.0,1574.0,4,326.0,10.0,38 60 38 38 38 38 38 38 38 38 38 38 38 38 38 38 38 38 38 38 38 38 38 38 38 38 38 38 38 38 38 38,42 42 42 42 42 42 42 42,a7218f48,256,32,1,1 1 1,CosDiscrete,30,16,0,65,0.352,1986.3,4493.6,11,8,17,4,SubBytes,3934.499,92487.344,2,18.510,14.263,0.000051,131072,0.000051,0
2026-09-12T11:31:38+02:00,ordi-2-nathan,8,go1.26.7,ba0a1a36+,11,4,2048,1024,1789205498807533336,9,2,nosq (x+y-2xy),Cleaning (2 lv),2,XorThenClean,"clean (interp+cleaning, k+1 lv)",5,38,32,38,1238.0,336.0,1574.0,4,326.0,10.0,38 60 38 38 38 38 38 38 38 38 38 38 38 38 38 38 38 38 38 38 38 38 38 38 38 38 38 38 38 38 38 38,42 42 42 42 42 42 42 42,a7218f48,256,32,1,1 1 1,CosDiscrete,30,16,0,65,0.352,1986.3,4493.6,11,8,18,4,Refresh,24662.003,117149.347,11,22.389,17.314,0.000006,131072,0.000006,0
2026-09-12T11:31:38+02:00,ordi-2-nathan,8,go1.26.7,ba0a1a36+,11,4,2048,1024,1789205498807533336,9,2,nosq (x+y-2xy),Cleaning (2 lv),2,XorThenClean,"clean (interp+cleaning, k+1 lv)",5,38,32,38,1238.0,336.0,1574.0,4,326.0,10.0,38 60 38 38 38 38 38 38 38 38 38 38 38 38 38 38 38 38 38 38 38 38 38 38 38 38 38 38 38 38 38 38,42 42 42 42 42 42 42 42,a7218f48,256,32,1,1 1 1,CosDiscrete,30,16,0,65,0.352,1986.3,4493.6,11,8,19,4,MixColumns,1995.909,119145.256,8,16.148,14.570,0.000041,131072,0.000041,0
2026-09-12T11:31:38+02:00,ordi-2-nathan,8,go1.26.7,ba0a1a36+,11,4,2048,1024,1789205498807533336,9,2,nosq (x+y-2xy),Cleaning (2 lv),2,XorThenClean,"clean (interp+cleaning, k+1 lv)",5,38,32,38,1238.0,336.0,1574.0,4,326.0,10.0,38 60 38 38 38 38 38 38 38 38 38 38 38 38 38 38 38 38 38 38 38 38 38 38 38 38 38 38 38 38 38 38,42 42 42 42 42 42 42 42,a7218f48,256,32,1,1 1 1,CosDiscrete,30,16,0,65,0.352,1986.3,4493.6,11,8,20,4,AddRoundKey,352.932,119498.188,7,16.148,14.570,0.000041,131072,0.000041,0
2026-09-12T11:31:38+02:00,ordi-2-nathan,8,go1.26.7,ba0a1a36+,11,4,2048,1024,1789205498807533336,9,2,nosq (x+y-2xy),Cleaning (2 lv),2,XorThenClean,"clean (interp+cleaning, k+1 lv)",5,38,32,38,1238.0,336.0,1574.0,4,326.0,10.0,38 60 38 38 38 38 38 38 38 38 38 38 38 38 38 38 38 38 38 38 38 38 38 38 38 38 38 38 38 38 38 38,42 42 42 42 42 42 42 42,a7218f48,256,32,1,1 1 1,CosDiscrete,30,16,0,65,0.352,1986.3,4493.6,11,8,21,4,Cleaning,525.023,120023.212,5,29.303,24.303,0.000000,131072,0.000000,0
2026-09-12T11:31:38+02:00,ordi-2-nathan,8,go1.26.7,ba0a1a36+,11,4,2048,1024,1789205498807533336,9,2,nosq (x+y-2xy),Cleaning (2 lv),2,XorThenClean,"clean (interp+cleaning, k+1 lv)",5,38,32,38,1238.0,336.0,1574.0,4,326.0,10.0,38 60 38 38 38 38 38 38 38 38 38 38 38 38 38 38 38 38 38 38 38 38 38 38 38 38 38 38 38 38 38 38,42 42 42 42 42 42 42 42,a7218f48,256,32,1,1 1 1,CosDiscrete,30,16,0,65,0.352,1986.3,4493.6,11,8,22,5,SubBytes,3899.478,123922.690,2,18.495,14.261,0.000051,131072,0.000051,0
2026-09-12T11:31:38+02:00,ordi-2-nathan,8,go1.26.7,ba0a1a36+,11,4,2048,1024,1789205498807533336,9,2,nosq (x+y-2xy),Cleaning (2 lv),2,XorThenClean,"clean (interp+cleaning, k+1 lv)",5,38,32,38,1238.0,336.0,1574.0,4,326.0,10.0,38 60 38 38 38 38 38 38 38 38 38 38 38 38 38 38 38 38 38 38 38 38 38 38 38 38 38 38 38 38 38 38,42 42 42 42 42 42 42 42,a7218f48,256,32,1,1 1 1,CosDiscrete,30,16,0,65,0.352,1986.3,4493.6,11,8,23,5,Refresh,24466.896,148389.586,11,22.364,17.314,0.000006,131072,0.000006,0
2026-09-12T11:31:38+02:00,ordi-2-nathan,8,go1.26.7,ba0a1a36+,11,4,2048,1024,1789205498807533336,9,2,nosq (x+y-2xy),Cleaning (2 lv),2,XorThenClean,"clean (interp+cleaning, k+1 lv)",5,38,32,38,1238.0,336.0,1574.0,4,326.0,10.0,38 60 38 38 38 38 38 38 38 38 38 38 38 38 38 38 38 38 38 38 38 38 38 38 38 38 38 38 38 38 38 38,42 42 42 42 42 42 42 42,a7218f48,256,32,1,1 1 1,CosDiscrete,30,16,0,65,0.352,1986.3,4493.6,11,8,24,5,MixColumns,1769.397,150158.984,8,16.144,14.569,0.000041,131072,0.000041,0
2026-09-12T11:31:38+02:00,ordi-2-nathan,8,go1.26.7,ba0a1a36+,11,4,2048,1024,1789205498807533336,9,2,nosq (x+y-2xy),Cleaning (2 lv),2,XorThenClean,"clean (interp+cleaning, k+1 lv)",5,38,32,38,1238.0,336.0,1574.0,4,326.0,10.0,38 60 38 38 38 38 38 38 38 38 38 38 38 38 38 38 38 38 38 38 38 38 38 38 38 38 38 38 38 38 38 38,42 42 42 42 42 42 42 42,a7218f48,256,32,1,1 1 1,CosDiscrete,30,16,0,65,0.352,1986.3,4493.6,11,8,25,5,AddRoundKey,325.565,150484.549,7,16.144,14.569,0.000041,131072,0.000041,0
2026-09-12T11:31:38+02:00,ordi-2-nathan,8,go1.26.7,ba0a1a36+,11,4,2048,1024,1789205498807533336,9,2,nosq (x+y-2xy),Cleaning (2 lv),2,XorThenClean,"clean (interp+cleaning, k+1 lv)",5,38,32,38,1238.0,336.0,1574.0,4,326.0,10.0,38 60 38 38 38 38 38 38 38 38 38 38 38 38 38 38 38 38 38 38 38 38 38 38 38 38 38 38 38 38 38 38,42 42 42 42 42 42 42 42,a7218f48,256,32,1,1 1 1,CosDiscrete,30,16,0,65,0.352,1986.3,4493.6,11,8,26,5,Cleaning,489.756,150974.306,5,29.299,24.505,0.000000,131072,0.000000,0
2026-09-12T11:31:38+02:00,ordi-2-nathan,8,go1.26.7,ba0a1a36+,11,4,2048,1024,1789205498807533336,9,2,nosq (x+y-2xy),Cleaning (2 lv),2,XorThenClean,"clean (interp+cleaning, k+1 lv)",5,38,32,38,1238.0,336.0,1574.0,4,326.0,10.0,38 60 38 38 38 38 38 38 38 38 38 38 38 38 38 38 38 38 38 38 38 38 38 38 38 38 38 38 38 38 38 38,42 42 42 42 42 42 42 42,a7218f48,256,32,1,1 1 1,CosDiscrete,30,16,0,65,0.352,1986.3,4493.6,11,8,27,6,SubBytes,3774.293,154748.599,2,18.517,14.260,0.000051,131072,0.000051,0
2026-09-12T11:31:38+02:00,ordi-2-nathan,8,go1.26.7,ba0a1a36+,11,4,2048,1024,1789205498807533336,9,2,nosq (x+y-2xy),Cleaning (2 lv),2,XorThenClean,"clean (interp+cleaning, k+1 lv)",5,38,32,38,1238.0,336.0,1574.0,4,326.0,10.0,38 60 38 38 38 38 38 38 38 38 38 38 38 38 38 38 38 38 38 38 38 38 38 38 38 38 38 38 38 38 38 38,42 42 42 42 42 42 42 42,a7218f48,256,32,1,1 1 1,CosDiscrete,30,16,0,65,0.352,1986.3,4493.6,11,8,28,6,Refresh,24683.994,179432.594,11,22.383,17.315,0.000006,131072,0.000006,0
2026-09-12T11:31:38+02:00,ordi-2-nathan,8,go1.26.7,ba0a1a36+,11,4,2048,1024,1789205498807533336,9,2,nosq (x+y-2xy),Cleaning (2 lv),2,XorThenClean,"clean (interp+cleaning, k+1 lv)",5,38,32,38,1238.0,336.0,1574.0,4,326.0,10.0,38 60 38 38 38 38 38 38 38 38 38 38 38 38 38 38 38 38 38 38 38 38 38 38 38 38 38 38 38 38 38 38,42 42 42 42 42 42 42 42,a7218f48,256,32,1,1 1 1,CosDiscrete,30,16,0,65,0.352,1986.3,4493.6,11,8,29,6,MixColumns,1957.746,181390.340,8,16.150,14.569,0.000041,131072,0.000041,0
2026-09-12T11:31:38+02:00,ordi-2-nathan,8,go1.26.7,ba0a1a36+,11,4,2048,1024,1789205498807533336,9,2,nosq (x+y-2xy),Cleaning (2 lv),2,XorThenClean,"clean (interp+cleaning, k+1 lv)",5,38,32,38,1238.0,336.0,1574.0,4,326.0,10.0,38 60 38 38 38 38 38 38 38 38 38 38 38 38 38 38 38 38 38 38 38 38 38 38 38 38 38 38 38 38 38 38,42 42 42 42 42 42 42 42,a7218f48,256,32,1,1 1 1,CosDiscrete,30,16,0,65,0.352,1986.3,4493.6,11,8,30,6,AddRoundKey,363.823,181754.163,7,16.149,14.569,0.000041,131072,0.000041,0
2026-09-12T11:31:38+02:00,ordi-2-nathan,8,go1.26.7,ba0a1a36+,11,4,2048,1024,1789205498807533336,9,2,nosq (x+y-2xy),Cleaning (2 lv),2,XorThenClean,"clean (interp+cleaning, k+1 lv)",5,38,32,38,1238.0,336.0,1574.0,4,326.0,10.0,38 60 38 38 38 38 38 38 38 38 38 38 38 38 38 38 38 38 38 38 38 38 38 38 38 38 38 38 38 38 38 38,42 42 42 42 42 42 42 42,a7218f48,256,32,1,1 1 1,CosDiscrete,30,16,0,65,0.352,1986.3,4493.6,11,8,31,6,Cleaning,555.709,182309.873,5,29.294,24.387,0.000000,131072,0.000000,0
2026-09-12T11:31:38+02:00,ordi-2-nathan,8,go1.26.7,ba0a1a36+,11,4,2048,1024,1789205498807533336,9,2,nosq (x+y-2xy),Cleaning (2 lv),2,XorThenClean,"clean (interp+cleaning, k+1 lv)",5,38,32,38,1238.0,336.0,1574.0,4,326.0,10.0,38 60 38 38 38 38 38 38 38 38 38 38 38 38 38 38 38 38 38 38 38 38 38 38 38 38 38 38 38 38 38 38,42 42 42 42 42 42 42 42,a7218f48,256,32,1,1 1 1,CosDiscrete,30,16,0,65,0.352,1986.3,4493.6,11,8,32,7,SubBytes,3907.935,186217.809,2,18.507,14.261,0.000051,131072,0.000051,0
2026-09-12T11:31:38+02:00,ordi-2-nathan,8,go1.26.7,ba0a1a36+,11,4,2048,1024,1789205498807533336,9,2,nosq (x+y-2xy),Cleaning (2 lv),2,XorThenClean,"clean (interp+cleaning, k+1 lv)",5,38,32,38,1238.0,336.0,1574.0,4,326.0,10.0,38 60 38 38 38 38 38 38 38 38 38 38 38 38 38 38 38 38 38 38 38 38 38 38 38 38 38 38 38 38 38 38,42 42 42 42 42 42 42 42,a7218f48,256,32,1,1 1 1,CosDiscrete,30,16,0,65,0.352,1986.3,4493.6,11,8,33,7,Refresh,24898.394,211116.203,11,22.414,17.315,0.000006,131072,0.000006,0
2026-09-12T11:31:38+02:00,ordi-2-nathan,8,go1.26.7,ba0a1a36+,11,4,2048,1024,1789205498807533336,9,2,nosq (x+y-2xy),Cleaning (2 lv),2,XorThenClean,"clean (interp+cleaning, k+1 lv)",5,38,32,38,1238.0,336.0,1574.0,4,326.0,10.0,38 60 38 38 38 38 38 38 38 38 38 38 38 38 38 38 38 38 38 38 38 38 38 38 38 38 38 38 38 38 38 38,42 42 42 42 42 42 42 42,a7218f48,256,32,1,1 1 1,CosDiscrete,30,16,0,65,0.352,1986.3,4493.6,11,8,34,7,MixColumns,1729.231,212845.434,8,16.164,14.571,0.000041,131072,0.000041,0
2026-09-12T11:31:38+02:00,ordi-2-nathan,8,go1.26.7,ba0a1a36+,11,4,2048,1024,1789205498807533336,9,2,nosq (x+y-2xy),Cleaning (2 lv),2,XorThenClean,"clean (interp+cleaning, k+1 lv)",5,38,32,38,1238.0,336.0,1574.0,4,326.0,10.0,38 60 38 38 38 38 38 38 38 38 38 38 38 38 38 38 38 38 38 38 38 38 38 38 38 38 38 38 38 38 38 38,42 42 42 42 42 42 42 42,a7218f48,256,32,1,1 1 1,CosDiscrete,30,16,0,65,0.352,1986.3,4493.6,11,8,35,7,AddRoundKey,317.944,213163.379,7,16.164,14.571,0.000041,131072,0.000041,0
2026-09-12T11:31:38+02:00,ordi-2-nathan,8,go1.26.7,ba0a1a36+,11,4,2048,1024,1789205498807533336,9,2,nosq (x+y-2xy),Cleaning (2 lv),2,XorThenClean,"clean (interp+cleaning, k+1 lv)",5,38,32,38,1238.0,336.0,1574.0,4,326.0,10.0,38 60 38 38 38 38 38 38 38 38 38 38 38 38 38 38 38 38 38 38 38 38 38 38 38 38 38 38 38 38 38 38,42 42 42 42 42 42 42 42,a7218f48,256,32,1,1 1 1,CosDiscrete,30,16,0,65,0.352,1986.3,4493.6,11,8,36,7,Cleaning,467.704,213631.083,5,29.297,24.404,0.000000,131072,0.000000,0
2026-09-12T11:31:38+02:00,ordi-2-nathan,8,go1.26.7,ba0a1a36+,11,4,2048,1024,1789205498807533336,9,2,nosq (x+y-2xy),Cleaning (2 lv),2,XorThenClean,"clean (interp+cleaning, k+1 lv)",5,38,32,38,1238.0,336.0,1574.0,4,326.0,10.0,38 60 38 38 38 38 38 38 38 38 38 38 38 38 38 38 38 38 38 38 38 38 38 38 38 38 38 38 38 38 38 38,42 42 42 42 42 42 42 42,a7218f48,256,32,1,1 1 1,CosDiscrete,30,16,0,65,0.352,1986.3,4493.6,11,8,37,8,SubBytes,3651.731,217282.814,2,18.498,14.262,0.000051,131072,0.000051,0
2026-09-12T11:31:38+02:00,ordi-2-nathan,8,go1.26.7,ba0a1a36+,11,4,2048,1024,1789205498807533336,9,2,nosq (x+y-2xy),Cleaning (2 lv),2,XorThenClean,"clean (interp+cleaning, k+1 lv)",5,38,32,38,1238.0,336.0,1574.0,4,326.0,10.0,38 60 38 38 38 38 38 38 38 38 38 38 38 38 38 38 38 38 38 38 38 38 38 38 38 38 38 38 38 38 38 38,42 42 42 42 42 42 42 42,a7218f48,256,32,1,1 1 1,CosDiscrete,30,16,0,65,0.352,1986.3,4493.6,11,8,38,8,Refresh,23471.862,240754.677,11,22.412,17.315,0.000006,131072,0.000006,0
2026-09-12T11:31:38+02:00,ordi-2-nathan,8,go1.26.7,ba0a1a36+,11,4,2048,1024,1789205498807533336,9,2,nosq (x+y-2xy),Cleaning (2 lv),2,XorThenClean,"clean (interp+cleaning, k+1 lv)",5,38,32,38,1238.0,336.0,1574.0,4,326.0,10.0,38 60 38 38 38 38 38 38 38 38 38 38 38 38 38 38 38 38 38 38 38 38 38 38 38 38 38 38 38 38 38 38,42 42 42 42 42 42 42 42,a7218f48,256,32,1,1 1 1,CosDiscrete,30,16,0,65,0.352,1986.3,4493.6,11,8,39,8,MixColumns,1675.934,242430.612,8,16.164,14.570,0.000041,131072,0.000041,0
2026-09-12T11:31:38+02:00,ordi-2-nathan,8,go1.26.7,ba0a1a36+,11,4,2048,1024,1789205498807533336,9,2,nosq (x+y-2xy),Cleaning (2 lv),2,XorThenClean,"clean (interp+cleaning, k+1 lv)",5,38,32,38,1238.0,336.0,1574.0,4,326.0,10.0,38 60 38 38 38 38 38 38 38 38 38 38 38 38 38 38 38 38 38 38 38 38 38 38 38 38 38 38 38 38 38 38,42 42 42 42 42 42 42 42,a7218f48,256,32,1,1 1 1,CosDiscrete,30,16,0,65,0.352,1986.3,4493.6,11,8,40,8,AddRoundKey,317.535,242748.148,7,16.164,14.570,0.000041,131072,0.000041,0
2026-09-12T11:31:38+02:00,ordi-2-nathan,8,go1.26.7,ba0a1a36+,11,4,2048,1024,1789205498807533336,9,2,nosq (x+y-2xy),Cleaning (2 lv),2,XorThenClean,"clean (interp+cleaning, k+1 lv)",5,38,32,38,1238.0,336.0,1574.0,4,326.0,10.0,38 60 38 38 38 38 38 38 38 38 38 38 38 38 38 38 38 38 38 38 38 38 38 38 38 38 38 38 38 38 38 38,42 42 42 42 42 42 42 42,a7218f48,256,32,1,1 1 1,CosDiscrete,30,16,0,65,0.352,1986.3,4493.6,11,8,41,8,Cleaning,464.993,243213.141,5,29.303,24.315,0.000000,131072,0.000000,0
2026-09-12T11:31:38+02:00,ordi-2-nathan,8,go1.26.7,ba0a1a36+,11,4,2048,1024,1789205498807533336,9,2,nosq (x+y-2xy),Cleaning (2 lv),2,XorThenClean,"clean (interp+cleaning, k+1 lv)",5,38,32,38,1238.0,336.0,1574.0,4,326.0,10.0,38 60 38 38 38 38 38 38 38 38 38 38 38 38 38 38 38 38 38 38 38 38 38 38 38 38 38 38 38 38 38 38,42 42 42 42 42 42 42 42,a7218f48,256,32,1,1 1 1,CosDiscrete,30,16,0,65,0.352,1986.3,4493.6,11,8,42,9,SubBytes,3577.599,246790.741,2,18.542,14.260,0.000051,131072,0.000051,0
2026-09-12T11:31:38+02:00,ordi-2-nathan,8,go1.26.7,ba0a1a36+,11,4,2048,1024,1789205498807533336,9,2,nosq (x+y-2xy),Cleaning (2 lv),2,XorThenClean,"clean (interp+cleaning, k+1 lv)",5,38,32,38,1238.0,336.0,1574.0,4,326.0,10.0,38 60 38 38 38 38 38 38 38 38 38 38 38 38 38 38 38 38 38 38 38 38 38 38 38 38 38 38 38 38 38 38,42 42 42 42 42 42 42 42,a7218f48,256,32,1,1 1 1,CosDiscrete,30,16,0,65,0.352,1986.3,4493.6,11,8,43,9,Refresh,23183.561,269974.302,11,22.416,17.314,0.000006,131072,0.000006,0
2026-09-12T11:31:38+02:00,ordi-2-nathan,8,go1.26.7,ba0a1a36+,11,4,2048,1024,1789205498807533336,9,2,nosq (x+y-2xy),Cleaning (2 lv),2,XorThenClean,"clean (interp+cleaning, k+1 lv)",5,38,32,38,1238.0,336.0,1574.0,4,326.0,10.0,38 60 38 38 38 38 38 38 38 38 38 38 38 38 38 38 38 38 38 38 38 38 38 38 38 38 38 38 38 38 38 38,42 42 42 42 42 42 42 42,a7218f48,256,32,1,1 1 1,CosDiscrete,30,16,0,65,0.352,1986.3,4493.6,11,8,44,9,MixColumns,1718.029,271692.332,8,16.170,14.569,0.000041,131072,0.000041,0
2026-09-12T11:31:38+02:00,ordi-2-nathan,8,go1.26.7,ba0a1a36+,11,4,2048,1024,1789205498807533336,9,2,nosq (x+y-2xy),Cleaning (2 lv),2,XorThenClean,"clean (interp+cleaning, k+1 lv)",5,38,32,38,1238.0,336.0,1574.0,4,326.0,10.0,38 60 38 38 38 38 38 38 38 38 38 38 38 38 38 38 38 38 38 38 38 38 38 38 38 38 38 38 38 38 38 38,42 42 42 42 42 42 42 42,a7218f48,256,32,1,1 1 1,CosDiscrete,30,16,0,65,0.352,1986.3,4493.6,11,8,45,9,AddRoundKey,312.349,272004.681,7,16.170,14.569,0.000041,131072,0.000041,0
2026-09-12T11:31:38+02:00,ordi-2-nathan,8,go1.26.7,ba0a1a36+,11,4,2048,1024,1789205498807533336,9,2,nosq (x+y-2xy),Cleaning (2 lv),2,XorThenClean,"clean (interp+cleaning, k+1 lv)",5,38,32,38,1238.0,336.0,1574.0,4,326.0,10.0,38 60 38 38 38 38 38 38 38 38 38 38 38 38 38 38 38 38 38 38 38 38 38 38 38 38 38 38 38 38 38 38,42 42 42 42 42 42 42 42,a7218f48,256,32,1,1 1 1,CosDiscrete,30,16,0,65,0.352,1986.3,4493.6,11,8,46,9,Cleaning,465.559,272470.241,5,29.300,24.510,0.000000,131072,0.000000,0
2026-09-12T11:31:38+02:00,ordi-2-nathan,8,go1.26.7,ba0a1a36+,11,4,2048,1024,1789205498807533336,9,2,nosq (x+y-2xy),Cleaning (2 lv),2,XorThenClean,"clean (interp+cleaning, k+1 lv)",5,38,32,38,1238.0,336.0,1574.0,4,326.0,10.0,38 60 38 38 38 38 38 38 38 38 38 38 38 38 38 38 38 38 38 38 38 38 38 38 38 38 38 38 38 38 38 38,42 42 42 42 42 42 42 42,a7218f48,256,32,1,1 1 1,CosDiscrete,30,16,0,65,0.352,1986.3,4493.6,11,8,47,10,SubBytes,3516.236,275986.477,2,18.503,14.259,0.000051,131072,0.000051,0
2026-09-12T11:31:38+02:00,ordi-2-nathan,8,go1.26.7,ba0a1a36+,11,4,2048,1024,1789205498807533336,9,2,nosq (x+y-2xy),Cleaning (2 lv),2,XorThenClean,"clean (interp+cleaning, k+1 lv)",5,38,32,38,1238.0,336.0,1574.0,4,326.0,10.0,38 60 38 38 38 38 38 38 38 38 38 38 38 38 38 38 38 38 38 38 38 38 38 38 38 38 38 38 38 38 38 38,42 42 42 42 42 42 42 42,a7218f48,256,32,1,1 1 1,CosDiscrete,30,16,0,65,0.352,1986.3,4493.6,11,8,48,10,Refresh,23256.353,299242.830,11,22.420,17.315,0.000006,131072,0.000006,0
2026-09-12T11:31:38+02:00,ordi-2-nathan,8,go1.26.7,ba0a1a36+,11,4,2048,1024,1789205498807533336,9,2,nosq (x+y-2xy),Cleaning (2 lv),2,XorThenClean,"clean (interp+cleaning, k+1 lv)",5,38,32,38,1238.0,336.0,1574.0,4,326.0,10.0,38 60 38 38 38 38 38 38 38 38 38 38 38 38 38 38 38 38 38 38 38 38 38 38 38 38 38 38 38 38 38 38,42 42 42 42 42 42 42 42,a7218f48,256,32,1,1 1 1,CosDiscrete,30,16,0,65,0.352,1986.3,4493.6,11,8,49,10,AddRoundKey,364.142,299606.973,10,22.396,17.314,0.000006,131072,0.000006,0
2026-09-12T11:31:38+02:00,ordi-2-nathan,8,go1.26.7,ba0a1a36+,11,4,2048,1024,1789205498807533336,9,2,nosq (x+y-2xy),Cleaning (2 lv),2,XorThenClean,"clean (interp+cleaning, k+1 lv)",5,38,32,38,1238.0,336.0,1574.0,4,326.0,10.0,38 60 38 38 38 38 38 38 38 38 38 38 38 38 38 38 38 38 38 38 38 38 38 38 38 38 38 38 38 38 38 38,42 42 42 42 42 42 42 42,a7218f48,256,32,1,1 1 1,CosDiscrete,30,16,0,65,0.352,1986.3,4493.6,11,8,50,10,Cleaning,701.005,300307.979,8,29.787,24.309,0.000000,131072,0.000000,0
2026-09-12T11:37:29+02:00,ordi-2-nathan,8,go1.26.7,ba0a1a36+,11,4,2048,1024,1789205849630499556,9,2,sq ((x-y)^2),Cleaning (2 lv),2,XorThenClean,"clean (interp+cleaning, k+1 lv)",5,38,32,38,1238.0,336.0,1574.0,4,326.0,10.0,38 60 38 38 38 38 38 38 38 38 38 38 38 38 38 38 38 38 38 38 38 38 38 38 38 38 38 38 38 38 38 38,42 42 42 42 42 42 42 42,a7218f48,256,32,1,1 1 1,CosDiscrete,30,16,0,65,0.352,2059.1,4174.6,11,8,1,0,FirstRound,239.930,239.930,5,30.455,25.943,0.000000,131072,0.000000,0
2026-09-12T11:37:29+02:00,ordi-2-nathan,8,go1.26.7,ba0a1a36+,11,4,2048,1024,1789205849630499556,9,2,sq ((x-y)^2),Cleaning (2 lv),2,XorThenClean,"clean (interp+cleaning, k+1 lv)",5,38,32,38,1238.0,336.0,1574.0,4,326.0,10.0,38 60 38 38 38 38 38 38 38 38 38 38 38 38 38 38 38 38 38 38 38 38 38 38 38 38 38 38 38 38 38 38,42 42 42 42 42 42 42 42,a7218f48,256,32,1,1 1 1,CosDiscrete,30,16,0,65,0.352,2059.1,4174.6,11,8,2,1,SubBytes,3507.222,3747.152,2,20.787,14.863,0.000034,131072,0.000034,0
2026-09-12T11:37:29+02:00,ordi-2-nathan,8,go1.26.7,ba0a1a36+,11,4,2048,1024,1789205849630499556,9,2,sq ((x-y)^2),Cleaning (2 lv),2,XorThenClean,"clean (interp+cleaning, k+1 lv)",5,38,32,38,1238.0,336.0,1574.0,4,326.0,10.0,38 60 38 38 38 38 38 38 38 38 38 38 38 38 38 38 38 38 38 38 38 38 38 38 38 38 38 38 38 38 38 38,42 42 42 42 42 42 42 42,a7218f48,256,32,1,1 1 1,CosDiscrete,30,16,0,65,0.352,2059.1,4174.6,11,8,3,1,Refresh,22534.225,26281.378,11,23.059,17.361,0.000006,131072,0.000006,0
2026-09-12T11:37:29+02:00,ordi-2-nathan,8,go1.26.7,ba0a1a36+,11,4,2048,1024,1789205849630499556,9,2,sq ((x-y)^2),Cleaning (2 lv),2,XorThenClean,"clean (interp+cleaning, k+1 lv)",5,38,32,38,1238.0,336.0,1574.0,4,326.0,10.0,38 60 38 38 38 38 38 38 38 38 38 38 38 38 38 38 38 38 38 38 38 38 38 38 38 38 38 38 38 38 38 38,42 42 42 42 42 42 42 42,a7218f48,256,32,1,1 1 1,CosDiscrete,30,16,0,65,0.352,2059.1,4174.6,11,8,4,1,MixColumns,1856.252,28137.631,8,22.937,14.171,0.000054,131072,0.000054,0
2026-09-12T11:37:29+02:00,ordi-2-nathan,8,go1.26.7,ba0a1a36+,11,4,2048,1024,1789205849630499556,9,2,sq ((x-y)^2),Cleaning (2 lv),2,XorThenClean,"clean (interp+cleaning, k+1 lv)",5,38,32,38,1238.0,336.0,1574.0,4,326.0,10.0,38 60 38 38 38 38 38 38 38 38 38 38 38 38 38 38 38 38 38 38 38 38 38 38 38 38 38 38 38 38 38 38,42 42 42 42 42 42 42 42,a7218f48,256,32,1,1 1 1,CosDiscrete,30,16,0,65,0.352,2059.1,4174.6,11,8,5,1,AddRoundKey,353.968,28491.600,7,24.728,13.171,0.000108,131072,0.000108,0
2026-09-12T11:37:29+02:00,ordi-2-nathan,8,go1.26.7,ba0a1a36+,11,4,2048,1024,1789205849630499556,9,2,sq ((x-y)^2),Cleaning (2 lv),2,XorThenClean,"clean (interp+cleaning, k+1 lv)",5,38,32,38,1238.0,336.0,1574.0,4,326.0,10.0,38 60 38 38 38 38 38 38 38 38 38 38 38 38 38 38 38 38 38 38 38 38 38 38 38 38 38 38 38 38 38 38,42 42 42 42 42 42 42 42,a7218f48,256,32,1,1 1 1,CosDiscrete,30,16,0,65,0.352,2059.1,4174.6,11,8,6,1,Cleaning,485.834,28977.434,5,28.805,23.825,0.000000,131072,0.000000,0
2026-09-12T11:37:29+02:00,ordi-2-nathan,8,go1.26.7,ba0a1a36+,11,4,2048,1024,1789205849630499556,9,2,sq ((x-y)^2),Cleaning (2 lv),2,XorThenClean,"clean (interp+cleaning, k+1 lv)",5,38,32,38,1238.0,336.0,1574.0,4,326.0,10.0,38 60 38 38 38 38 38 38 38 38 38 38 38 38 38 38 38 38 38 38 38 38 38 38 38 38 38 38 38 38 38 38,42 42 42 42 42 42 42 42,a7218f48,256,32,1,1 1 1,CosDiscrete,30,16,0,65,0.352,2059.1,4174.6,11,8,7,2,SubBytes,4045.399,33022.833,2,18.880,14.976,0.000031,131072,0.000031,0
2026-09-12T11:37:29+02:00,ordi-2-nathan,8,go1.26.7,ba0a1a36+,11,4,2048,1024,1789205849630499556,9,2,sq ((x-y)^2),Cleaning (2 lv),2,XorThenClean,"clean (interp+cleaning, k+1 lv)",5,38,32,38,1238.0,336.0,1574.0,4,326.0,10.0,38 60 38 38 38 38 38 38 38 38 38 38 38 38 38 38 38 38 38 38 38 38 38 38 38 38 38 38 38 38 38 38,42 42 42 42 42 42 42 42,a7218f48,256,32,1,1 1 1,CosDiscrete,30,16,0,65,0.352,2059.1,4174.6,11,8,8,2,Refresh,24911.769,57934.602,11,20.194,14.518,0.000043,131072,0.000043,0
2026-09-12T11:37:29+02:00,ordi-2-nathan,8,go1.26.7,ba0a1a36+,11,4,2048,1024,1789205849630499556,9,2,sq ((x-y)^2),Cleaning (2 lv),2,XorThenClean,"clean (interp+cleaning, k+1 lv)",5,38,32,38,1238.0,336.0,1574.0,4,326.0,10.0,38 60 38 38 38 38 38 38 38 38 38 38 38 38 38 38 38 38 38 38 38 38 38 38 38 38 38 38 38 38 38 38,42 42 42 42 42 42 42 42,a7218f48,256,32,1,1 1 1,CosDiscrete,30,16,0,65,0.352,2059.1,4174.6,11,8,9,2,MixColumns,1738.461,59673.064,8,20.689,11.535,0.000337,131072,0.000337,0
2026-09-12T11:37:29+02:00,ordi-2-nathan,8,go1.26.7,ba0a1a36+,11,4,2048,1024,1789205849630499556,9,2,sq ((x-y)^2),Cleaning (2 lv),2,XorThenClean,"clean (interp+cleaning, k+1 lv)",5,38,32,38,1238.0,336.0,1574.0,4,326.0,10.0,38 60 38 38 38 38 38 38 38 38 38 38 38 38 38 38 38 38 38 38 38 38 38 38 38 38 38 38 38 38 38 38,42 42 42 42 42 42 42 42,a7218f48,256,32,1,1 1 1,CosDiscrete,30,16,0,65,0.352,2059.1,4174.6,11,8,10,2,AddRoundKey,360.688,60033.752,7,22.759,10.540,0.000672,131072,0.000672,0
2026-09-12T11:37:29+02:00,ordi-2-nathan,8,go1.26.7,ba0a1a36+,11,4,2048,1024,1789205849630499556,9,2,sq ((x-y)^2),Cleaning (2 lv),2,XorThenClean,"clean (interp+cleaning, k+1 lv)",5,38,32,38,1238.0,336.0,1574.0,4,326.0,10.0,38 60 38 38 38 38 38 38 38 38 38 38 38 38 38 38 38 38 38 38 38 38 38 38 38 38 38 38 38 38 38 38,42 42 42 42 42 42 42 42,a7218f48,256,32,1,1 1 1,CosDiscrete,30,16,0,65,0.352,2059.1,4174.6,11,8,11,2,Cleaning,535.782,60569.535,5,27.749,19.475,0.000001,131072,0.000001,0
2026-09-12T11:37:29+02:00,ordi-2-nathan,8,go1.26.7,ba0a1a36+,11,4,2048,1024,1789205849630499556,9,2,sq ((x-y)^2),Cleaning (2 lv),2,XorThenClean,"clean (interp+cleaning, k+1 lv)",5,38,32,38,1238.0,336.0,1574.0,4,326.0,10.0,38 60 38 38 38 38 38 38 38 38 38 38 38 38 38 38 38 38 38 38 38 38 38 38 38 38 38 38 38 38 38 38,42 42 42 42 42 42 42 42,a7218f48,256,32,1,1 1 1,CosDiscrete,30,16,0,65,0.352,2059.1,4174.6,11,8,12,3,SubBytes,3800.695,64370.231,2,18.789,14.827,0.000034,131072,0.000034,0
2026-09-12T11:37:29+02:00,ordi-2-nathan,8,go1.26.7,ba0a1a36+,11,4,2048,1024,1789205849630499556,9,2,sq ((x-y)^2),Cleaning (2 lv),2,XorThenClean,"clean (interp+cleaning, k+1 lv)",5,38,32,38,1238.0,336.0,1574.0,4,326.0,10.0,38 60 38 38 38 38 38 38 38 38 38 38 38 38 38 38 38 38 38 38 38 38 38 38 38 38 38 38 38 38 38 38,42 42 42 42 42 42 42 42,a7218f48,256,32,1,1 1 1,CosDiscrete,30,16,0,65,0.352,2059.1,4174.6,11,8,13,3,Refresh,24063.181,88433.413,11,20.247,14.518,0.000043,131072,0.000043,0
2026-09-12T11:37:29+02:00,ordi-2-nathan,8,go1.26.7,ba0a1a36+,11,4,2048,1024,1789205849630499556,9,2,sq ((x-y)^2),Cleaning (2 lv),2,XorThenClean,"clean (interp+cleaning, k+1 lv)",5,38,32,38,1238.0,336.0,1574.0,4,326.0,10.0,38 60 38 38 38 38 38 38 38 38 38 38 38 38 38 38 38 38 38 38 38 38 38 38 38 38 38 38 38 38 38 38,42 42 42 42 42 42 42 42,a7218f48,256,32,1,1 1 1,CosDiscrete,30,16,0,65,0.352,2059.1,4174.6,11,8,14,3,MixColumns,1646.364,90079.778,8,20.674,11.535,0.000337,131072,0.000337,0
2026-09-12T11:37:29+02:00,ordi-2-nathan,8,go1.26.7,ba0a1a36+,11,4,2048,1024,1789205849630499556,9,2,sq ((x-y)^2),Cleaning (2 lv),2,XorThenClean,"clean (interp+cleaning, k+1 lv)",5,38,32,38,1238.0,336.0,1574.0,4,326.0,10.0,38 60 38 38 38 38 38 38 38 38 38 38 38 38 38 38 38 38 38 38 38 38 38 38 38 38 38 38 38 38 38 38,42 42 42 42 42 42 42 42,a7218f48,256,32,1,1 1 1,CosDiscrete,30,16,0,65,0.352,2059.1,4174.6,11,8,15,3,AddRoundKey,308.314,90388.092,7,22.620,10.540,0.000672,131072,0.000672,0
2026-09-12T11:37:29+02:00,ordi-2-nathan,8,go1.26.7,ba0a1a36+,11,4,2048,1024,1789205849630499556,9,2,sq ((x-y)^2),Cleaning (2 lv),2,XorThenClean,"clean (interp+cleaning, k+1 lv)",5,38,32,38,1238.0,336.0,1574.0,4,326.0,10.0,38 60 38 38 38 38 38 38 38 38 38 38 38 38 38 38 38 38 38 38 38 38 38 38 38 38 38 38 38 38 38 38,42 42 42 42 42 42 42 42,a7218f48,256,32,1,1 1 1,CosDiscrete,30,16,0,65,0.352,2059.1,4174.6,11,8,16,3,Cleaning,474.845,90862.937,5,27.644,19.479,0.000001,131072,0.000001,0
2026-09-12T11:37:29+02:00,ordi-2-nathan,8,go1.26.7,ba0a1a36+,11,4,2048,1024,1789205849630499556,9,2,sq ((x-y)^2),Cleaning (2 lv),2,XorThenClean,"clean (interp+cleaning, k+1 lv)",5,38,32,38,1238.0,336.0,1574.0,4,326.0,10.0,38 60 38 38 38 38 38 38 38 38 38 38 38 38 38 38 38 38 38 38 38 38 38 38 38 38 38 38 38 38 38 38,42 42 42 42 42 42 42 42,a7218f48,256,32,1,1 1 1,CosDiscrete,30,16,0,65,0.352,2059.1,4174.6,11,8,17,4,SubBytes,4057.305,94920.242,2,18.770,14.815,0.000035,131072,0.000035,0
2026-09-12T11:37:29+02:00,ordi-2-nathan,8,go1.26.7,ba0a1a36+,11,4,2048,1024,1789205849630499556,9,2,sq ((x-y)^2),Cleaning (2 lv),2,XorThenClean,"clean (interp+cleaning, k+1 lv)",5,38,32,38,1238.0,336.0,1574.0,4,326.0,10.0,38 60 38 38 38 38 38 38 38 38 38 38 38 38 38 38 38 38 38 38 38 38 38 38 38 38 38 38 38 38 38 38,42 42 42 42 42 42 42 42,a7218f48,256,32,1,1 1 1,CosDiscrete,30,16,0,65,0.352,2059.1,4174.6,11,8,18,4,Refresh,26248.865,121169.108,11,20.237,14.519,0.000043,131072,0.000043,0
2026-09-12T11:37:29+02:00,ordi-2-nathan,8,go1.26.7,ba0a1a36+,11,4,2048,1024,1789205849630499556,9,2,sq ((x-y)^2),Cleaning (2 lv),2,XorThenClean,"clean (interp+cleaning, k+1 lv)",5,38,32,38,1238.0,336.0,1574.0,4,326.0,10.0,38 60 38 38 38 38 38 38 38 38 38 38 38 38 38 38 38 38 38 38 38 38 38 38 38 38 38 38 38 38 38 38,42 42 42 42 42 42 42 42,a7218f48,256,32,1,1 1 1,CosDiscrete,30,16,0,65,0.352,2059.1,4174.6,11,8,19,4,MixColumns,1706.865,122875.973,8,20.654,11.535,0.000337,131072,0.000337,0
2026-09-12T11:37:29+02:00,ordi-2-nathan,8,go1.26.7,ba0a1a36+,11,4,2048,1024,1789205849630499556,9,2,sq ((x-y)^2),Cleaning (2 lv),2,XorThenClean,"clean (interp+cleaning, k+1 lv)",5,38,32,38,1238.0,336.0,1574.0,4,326.0,10.0,38 60 38 38 38 38 38 38 38 38 38 38 38 38 38 38 38 38 38 38 38 38 38 38 38 38 38 38 38 38 38 38,42 42 42 42 42 42 42 42,a7218f48,256,32,1,1 1 1,CosDiscrete,30,16,0,65,0.352,2059.1,4174.6,11,8,20,4,AddRoundKey,336.432,123212.405,7,22.712,10.540,0.000672,131072,0.000672,0
2026-09-12T11:37:29+02:00,ordi-2-nathan,8,go1.26.7,ba0a1a36+,11,4,2048,1024,1789205849630499556,9,2,sq ((x-y)^2),Cleaning (2 lv),2,XorThenClean,"clean (interp+cleaning, k+1 lv)",5,38,32,38,1238.0,336.0,1574.0,4,326.0,10.0,38 60 38 38 38 38 38 38 38 38 38 38 38 38 38 38 38 38 38 38 38 38 38 38 38 38 38 38 38 38 38 38,42 42 42 42 42 42 42 42,a7218f48,256,32,1,1 1 1,CosDiscrete,30,16,0,65,0.352,2059.1,4174.6,11,8,21,4,Cleaning,526.509,123738.915,5,27.500,19.466,0.000001,131072,0.000001,0
2026-09-12T11:37:29+02:00,ordi-2-nathan,8,go1.26.7,ba0a1a36+,11,4,2048,1024,1789205849630499556,9,2,sq ((x-y)^2),Cleaning (2 lv),2,XorThenClean,"clean (interp+cleaning, k+1 lv)",5,38,32,38,1238.0,336.0,1574.0,4,326.0,10.0,38 60 38 38 38 38 38 38 38 38 38 38 38 38 38 38 38 38 38 38 38 38 38 38 38 38 38 38 38 38 38 38,42 42 42 42 42 42 42 42,a7218f48,256,32,1,1 1 1,CosDiscrete,30,16,0,65,0.352,2059.1,4174.6,11,8,22,5,SubBytes,3832.291,127571.206,2,18.778,14.813,0.000035,131072,0.000035,0
2026-09-12T11:37:29+02:00,ordi-2-nathan,8,go1.26.7,ba0a1a36+,11,4,2048,1024,1789205849630499556,9,2,sq ((x-y)^2),Cleaning (2 lv),2,XorThenClean,"clean (interp+cleaning, k+1 lv)",5,38,32,38,1238.0,336.0,1574.0,4,326.0,10.0,38 60 38 38 38 38 38 38 38 38 38 38 38 38 38 38 38 38 38 38 38 38 38 38 38 38 38 38 38 38 38 38,42 42 42 42 42 42 42 42,a7218f48,256,32,1,1 1 1,CosDiscrete,30,16,0,65,0.352,2059.1,4174.6,11,8,23,5,Refresh,23661.579,151232.786,11,20.222,14.519,0.000043,131072,0.000043,0
2026-09-12T11:37:29+02:00,ordi-2-nathan,8,go1.26.7,ba0a1a36+,11,4,2048,1024,1789205849630499556,9,2,sq ((x-y)^2),Cleaning (2 lv),2,XorThenClean,"clean (interp+cleaning, k+1 lv)",5,38,32,38,1238.0,336.0,1574.0,4,326.0,10.0,38 60 38 38 38 38 38 38 38 38 38 38 38 38 38 38 38 38 38 38 38 38 38 38 38 38 38 38 38 38 38 38,42 42 42 42 42 42 42 42,a7218f48,256,32,1,1 1 1,CosDiscrete,30,16,0,65,0.352,2059.1,4174.6,11,8,24,5,MixColumns,1780.968,153013.754,8,20.669,11.535,0.000337,131072,0.000337,0
2026-09-12T11:37:29+02:00,ordi-2-nathan,8,go1.26.7,ba0a1a36+,11,4,2048,1024,1789205849630499556,9,2,sq ((x-y)^2),Cleaning (2 lv),2,XorThenClean,"clean (interp+cleaning, k+1 lv)",5,38,32,38,1238.0,336.0,1574.0,4,326.0,10.0,38 60 38 38 38 38 38 38 38 38 38 38 38 38 38 38 38 38 38 38 38 38 38 38 38 38 38 38 38 38 38 38,42 42 42 42 42 42 42 42,a7218f48,256,32,1,1 1 1,CosDiscrete,30,16,0,65,0.352,2059.1,4174.6,11,8,25,5,AddRoundKey,328.511,153342.266,7,22.806,10.540,0.000672,131072,0.000672,0
2026-09-12T11:37:29+02:00,ordi-2-nathan,8,go1.26.7,ba0a1a36+,11,4,2048,1024,1789205849630499556,9,2,sq ((x-y)^2),Cleaning (2 lv),2,XorThenClean,"clean (interp+cleaning, k+1 lv)",5,38,32,38,1238.0,336.0,1574.0,4,326.0,10.0,38 60 38 38 38 38 38 38 38 38 38 38 38 38 38 38 38 38 38 38 38 38 38 38 38 38 38 38 38 38 38 38,42 42 42 42 42 42 42 42,a7218f48,256,32,1,1 1 1,CosDiscrete,30,16,0,65,0.352,2059.1,4174.6,11,8,26,5,Cleaning,467.117,153809.383,5,27.659,19.479,0.000001,131072,0.000001,0
2026-09-12T11:37:29+02:00,ordi-2-nathan,8,go1.26.7,ba0a1a36+,11,4,2048,1024,1789205849630499556,9,2,sq ((x-y)^2),Cleaning (2 lv),2,XorThenClean,"clean (interp+cleaning, k+1 lv)",5,38,32,38,1238.0,336.0,1574.0,4,326.0,10.0,38 60 38 38 38 38 38 38 38 38 38 38 38 38 38 38 38 38 38 38 38 38 38 38 38 38 38 38 38 38 38 38,42 42 42 42 42 42 42 42,a7218f48,256,32,1,1 1 1,CosDiscrete,30,16,0,65,0.352,2059.1,4174.6,11,8,27,6,SubBytes,3757.998,157567.381,2,18.786,14.812,0.000035,131072,0.000035,0
2026-09-12T11:37:29+02:00,ordi-2-nathan,8,go1.26.7,ba0a1a36+,11,4,2048,1024,1789205849630499556,9,2,sq ((x-y)^2),Cleaning (2 lv),2,XorThenClean,"clean (interp+cleaning, k+1 lv)",5,38,32,38,1238.0,336.0,1574.0,4,326.0,10.0,38 60 38 38 38 38 38 38 38 38 38 38 38 38 38 38 38 38 38 38 38 38 38 38 38 38 38 38 38 38 38 38,42 42 42 42 42 42 42 42,a7218f48,256,32,1,1 1 1,CosDiscrete,30,16,0,65,0.352,2059.1,4174.6,11,8,28,6,Refresh,22759.807,180327.189,11,20.199,14.519,0.000043,131072,0.000043,0
2026-09-12T11:37:29+02:00,ordi-2-nathan,8,go1.26.7,ba0a1a36+,11,4,2048,1024,1789205849630499556,9,2,sq ((x-y)^2),Cleaning (2 lv),2,XorThenClean,"clean (interp+cleaning, k+1 lv)",5,38,32,38,1238.0,336.0,1574.0,4,326.0,10.0,38 60 38 38 38 38 38 38 38 38 38 38 38 38 38 38 38 38 38 38 38 38 38 38 38 38 38 38 38 38 38 38,42 42 42 42 42 42 42 42,a7218f48,256,32,1,1 1 1,CosDiscrete,30,16,0,65,0.352,2059.1,4174.6,11,8,29,6,MixColumns,1624.730,181951.919,8,20.655,11.535,0.000337,131072,0.000337,0
2026-09-12T11:37:29+02:00,ordi-2-nathan,8,go1.26.7,ba0a1a36+,11,4,2048,1024,1789205849630499556,9,2,sq ((x-y)^2),Cleaning (2 lv),2,XorThenClean,"clean (interp+cleaning, k+1 lv)",5,38,32,38,1238.0,336.0,1574.0,4,326.0,10.0,38 60 38 38 38 38 38 38 38 38 38 38 38 38 38 38 38 38 38 38 38 38 38 38 38 38 38 38 38 38 38 38,42 42 42 42 42 42 42 42,a7218f48,256,32,1,1 1 1,CosDiscrete,30,16,0,65,0.352,2059.1,4174.6,11,8,30,6,AddRoundKey,327.808,182279.728,7,22.625,10.540,0.000672,131072,0.000672,0
2026-09-12T11:37:29+02:00,ordi-2-nathan,8,go1.26.7,ba0a1a36+,11,4,2048,1024,1789205849630499556,9,2,sq ((x-y)^2),Cleaning (2 lv),2,XorThenClean,"clean (interp+cleaning, k+1 lv)",5,38,32,38,1238.0,336.0,1574.0,4,326.0,10.0,38 60 38 38 38 38 38 38 38 38 38 38 38 38 38 38 38 38 38 38 38 38 38 38 38 38 38 38 38 38 38 38,42 42 42 42 42 42 42 42,a7218f48,256,32,1,1 1 1,CosDiscrete,30,16,0,65,0.352,2059.1,4174.6,11,8,31,6,Cleaning,505.037,182784.765,5,27.550,19.471,0.000001,131072,0.000001,0
2026-09-12T11:37:29+02:00,ordi-2-nathan,8,go1.26.7,ba0a1a36+,11,4,2048,1024,1789205849630499556,9,2,sq ((x-y)^2),Cleaning (2 lv),2,XorThenClean,"clean (interp+cleaning, k+1 lv)",5,38,32,38,1238.0,336.0,1574.0,4,326.0,10.0,38 60 38 38 38 38 38 38 38 38 38 38 38 38 38 38 38 38 38 38 38 38 38 38 38 38 38 38 38 38 38 38,42 42 42 42 42 42 42 42,a7218f48,256,32,1,1 1 1,CosDiscrete,30,16,0,65,0.352,2059.1,4174.6,11,8,32,7,SubBytes,3822.070,186606.836,2,18.768,14.771,0.000036,131072,0.000036,0
2026-09-12T11:37:29+02:00,ordi-2-nathan,8,go1.26.7,ba0a1a36+,11,4,2048,1024,1789205849630499556,9,2,sq ((x-y)^2),Cleaning (2 lv),2,XorThenClean,"clean (interp+cleaning, k+1 lv)",5,38,32,38,1238.0,336.0,1574.0,4,326.0,10.0,38 60 38 38 38 38 38 38 38 38 38 38 38 38 38 38 38 38 38 38 38 38 38 38 38 38 38 38 38 38 38 38,42 42 42 42 42 42 42 42,a7218f48,256,32,1,1 1 1,CosDiscrete,30,16,0,65,0.352,2059.1,4174.6,11,8,33,7,Refresh,22950.420,209557.257,11,20.216,14.518,0.000043,131072,0.000043,0
2026-09-12T11:37:29+02:00,ordi-2-nathan,8,go1.26.7,ba0a1a36+,11,4,2048,1024,1789205849630499556,9,2,sq ((x-y)^2),Cleaning (2 lv),2,XorThenClean,"clean (interp+cleaning, k+1 lv)",5,38,32,38,1238.0,336.0,1574.0,4,326.0,10.0,38 60 38 38 38 38 38 38 38 38 38 38 38 38 38 38 38 38 38 38 38 38 38 38 38 38 38 38 38 38 38 38,42 42 42 42 42 42 42 42,a7218f48,256,32,1,1 1 1,CosDiscrete,30,16,0,65,0.352,2059.1,4174.6,11,8,34,7,MixColumns,1816.325,211373.583,8,20.658,11.535,0.000337,131072,0.000337,0
2026-09-12T11:37:29+02:00,ordi-2-nathan,8,go1.26.7,ba0a1a36+,11,4,2048,1024,1789205849630499556,9,2,sq ((x-y)^2),Cleaning (2 lv),2,XorThenClean,"clean (interp+cleaning, k+1 lv)",5,38,32,38,1238.0,336.0,1574.0,4,326.0,10.0,38 60 38 38 38 38 38 38 38 38 38 38 38 38 38 38 38 38 38 38 38 38 38 38 38 38 38 38 38 38 38 38,42 42 42 42 42 42 42 42,a7218f48,256,32,1,1 1 1,CosDiscrete,30,16,0,65,0.352,2059.1,4174.6,11,8,35,7,AddRoundKey,325.716,211699.299,7,22.837,10.540,0.000672,131072,0.000672,0
2026-09-12T11:37:29+02:00,ordi-2-nathan,8,go1.26.7,ba0a1a36+,11,4,2048,1024,1789205849630499556,9,2,sq ((x-y)^2),Cleaning (2 lv),2,XorThenClean,"clean (interp+cleaning, k+1 lv)",5,38,32,38,1238.0,336.0,1574.0,4,326.0,10.0,38 60 38 38 38 38 38 38 38 38 38 38 38 38 38 38 38 38 38 38 38 38 38 38 38 38 38 38 38 38 38 38,42 42 42 42 42 42 42 42,a7218f48,256,32,1,1 1 1,CosDiscrete,30,16,0,65,0.352,2059.1,4174.6,11,8,36,7,Cleaning,505.247,212204.546,5,27.809,19.472,0.000001,131072,0.000001,0
2026-09-12T11:37:29+02:00,ordi-2-nathan,8,go1.26.7,ba0a1a36+,11,4,2048,1024,1789205849630499556,9,2,sq ((x-y)^2),Cleaning (2 lv),2,XorThenClean,"clean (interp+cleaning, k+1 lv)",5,38,32,38,1238.0,336.0,1574.0,4,326.0,10.0,38 60 38 38 38 38 38 38 38 38 38 38 38 38 38 38 38 38 38 38 38 38 38 38 38 38 38 38 38 38 38 38,42 42 42 42 42 42 42 42,a7218f48,256,32,1,1 1 1,CosDiscrete,30,16,0,65,0.352,2059.1,4174.6,11,8,37,8,SubBytes,3580.549,215785.096,2,18.812,14.867,0.000033,131072,0.000033,0
2026-09-12T11:37:29+02:00,ordi-2-nathan,8,go1.26.7,ba0a1a36+,11,4,2048,1024,1789205849630499556,9,2,sq ((x-y)^2),Cleaning (2 lv),2,XorThenClean,"clean (interp+cleaning, k+1 lv)",5,38,32,38,1238.0,336.0,1574.0,4,326.0,10.0,38 60 38 38 38 38 38 38 38 38 38 38 38 38 38 38 38 38 38 38 38 38 38 38 38 38 38 38 38 38 38 38,42 42 42 42 42 42 42 42,a7218f48,256,32,1,1 1 1,CosDiscrete,30,16,0,65,0.352,2059.1,4174.6,11,8,38,8,Refresh,23196.063,238981.159,11,20.229,14.518,0.000043,131072,0.000043,0
2026-09-12T11:37:29+02:00,ordi-2-nathan,8,go1.26.7,ba0a1a36+,11,4,2048,1024,1789205849630499556,9,2,sq ((x-y)^2),Cleaning (2 lv),2,XorThenClean,"clean (interp+cleaning, k+1 lv)",5,38,32,38,1238.0,336.0,1574.0,4,326.0,10.0,38 60 38 38 38 38 38 38 38 38 38 38 38 38 38 38 38 38 38 38 38 38 38 38 38 38 38 38 38 38 38 38,42 42 42 42 42 42 42 42,a7218f48,256,32,1,1 1 1,CosDiscrete,30,16,0,65,0.352,2059.1,4174.6,11,8,39,8,MixColumns,1725.773,240706.933,8,20.650,11.535,0.000337,131072,0.000337,0
2026-09-12T11:37:29+02:00,ordi-2-nathan,8,go1.26.7,ba0a1a36+,11,4,2048,1024,1789205849630499556,9,2,sq ((x-y)^2),Cleaning (2 lv),2,XorThenClean,"clean (interp+cleaning, k+1 lv)",5,38,32,38,1238.0,336.0,1574.0,4,326.0,10.0,38 60 38 38 38 38 38 38 38 38 38 38 38 38 38 38 38 38 38 38 38 38 38 38 38 38 38 38 38 38 38 38,42 42 42 42 42 42 42 42,a7218f48,256,32,1,1 1 1,CosDiscrete,30,16,0,65,0.352,2059.1,4174.6,11,8,40,8,AddRoundKey,317.181,241024.114,7,22.819,10.540,0.000672,131072,0.000672,0
2026-09-12T11:37:29+02:00,ordi-2-nathan,8,go1.26.7,ba0a1a36+,11,4,2048,1024,1789205849630499556,9,2,sq ((x-y)^2),Cleaning (2 lv),2,XorThenClean,"clean (interp+cleaning, k+1 lv)",5,38,32,38,1238.0,336.0,1574.0,4,326.0,10.0,38 60 38 38 38 38 38 38 38 38 38 38 38 38 38 38 38 38 38 38 38 38 38 38 38 38 38 38 38 38 38 38,42 42 42 42 42 42 42 42,a7218f48,256,32,1,1 1 1,CosDiscrete,30,16,0,65,0.352,2059.1,4174.6,11,8,41,8,Cleaning,455.297,241479.412,5,27.641,19.479,0.000001,131072,0.000001,0
2026-09-12T11:37:29+02:00,ordi-2-nathan,8,go1.26.7,ba0a1a36+,11,4,2048,1024,1789205849630499556,9,2,sq ((x-y)^2),Cleaning (2 lv),2,XorThenClean,"clean (interp+cleaning, k+1 lv)",5,38,32,38,1238.0,336.0,1574.0,4,326.0,10.0,38 60 38 38 38 38 38 38 38 38 38 38 38 38 38 38 38 38 38 38 38 38 38 38 38 38 38 38 38 38 38 38,42 42 42 42 42 42 42 42,a7218f48,256,32,1,1 1 1,CosDiscrete,30,16,0,65,0.352,2059.1,4174.6,11,8,42,9,SubBytes,3455.455,244934.868,2,18.774,14.816,0.000035,131072,0.000035,0
2026-09-12T11:37:29+02:00,ordi-2-nathan,8,go1.26.7,ba0a1a36+,11,4,2048,1024,1789205849630499556,9,2,sq ((x-y)^2),Cleaning (2 lv),2,XorThenClean,"clean (interp+cleaning, k+1 lv)",5,38,32,38,1238.0,336.0,1574.0,4,326.0,10.0,38 60 38 38 38 38 38 38 38 38 38 38 38 38 38 38 38 38 38 38 38 38 38 38 38 38 38 38 38 38 38 38,42 42 42 42 42 42 42 42,a7218f48,256,32,1,1 1 1,CosDiscrete,30,16,0,65,0.352,2059.1,4174.6,11,8,43,9,Refresh,22735.695,267670.563,11,20.235,14.518,0.000043,131072,0.000043,0
2026-09-12T11:37:29+02:00,ordi-2-nathan,8,go1.26.7,ba0a1a36+,11,4,2048,1024,1789205849630499556,9,2,sq ((x-y)^2),Cleaning (2 lv),2,XorThenClean,"clean (interp+cleaning, k+1 lv)",5,38,32,38,1238.0,336.0,1574.0,4,326.0,10.0,38 60 38 38 38 38 38 38 38 38 38 38 38 38 38 38 38 38 38 38 38 38 38 38 38 38 38 38 38 38 38 38,42 42 42 42 42 42 42 42,a7218f48,256,32,1,1 1 1,CosDiscrete,30,16,0,65,0.352,2059.1,4174.6,11,8,44,9,MixColumns,1743.533,269414.096,8,20.722,11.535,0.000337,131072,0.000337,0
2026-09-12T11:37:29+02:00,ordi-2-nathan,8,go1.26.7,ba0a1a36+,11,4,2048,1024,1789205849630499556,9,2,sq ((x-y)^2),Cleaning (2 lv),2,XorThenClean,"clean (interp+cleaning, k+1 lv)",5,38,32,38,1238.0,336.0,1574.0,4,326.0,10.0,38 60 38 38 38 38 38 38 38 38 38 38 38 38 38 38 38 38 38 38 38 38 38 38 38 38 38 38 38 38 38 38,42 42 42 42 42 42 42 42,a7218f48,256,32,1,1 1 1,CosDiscrete,30,16,0,65,0.352,2059.1,4174.6,11,8,45,9,AddRoundKey,327.508,269741.605,7,22.674,10.540,0.000672,131072,0.000672,0
2026-09-12T11:37:29+02:00,ordi-2-nathan,8,go1.26.7,ba0a1a36+,11,4,2048,1024,1789205849630499556,9,2,sq ((x-y)^2),Cleaning (2 lv),2,XorThenClean,"clean (interp+cleaning, k+1 lv)",5,38,32,38,1238.0,336.0,1574.0,4,326.0,10.0,38 60 38 38 38 38 38 38 38 38 38 38 38 38 38 38 38 38 38 38 38 38 38 38 38 38 38 38 38 38 38 38,42 42 42 42 42 42 42 42,a7218f48,256,32,1,1 1 1,CosDiscrete,30,16,0,65,0.352,2059.1,4174.6,11,8,46,9,Cleaning,493.665,270235.271,5,27.419,19.477,0.000001,131072,0.000001,0
2026-09-12T11:37:29+02:00,ordi-2-nathan,8,go1.26.7,ba0a1a36+,11,4,2048,1024,1789205849630499556,9,2,sq ((x-y)^2),Cleaning (2 lv),2,XorThenClean,"clean (interp+cleaning, k+1 lv)",5,38,32,38,1238.0,336.0,1574.0,4,326.0,10.0,38 60 38 38 38 38 38 38 38 38 38 38 38 38 38 38 38 38 38 38 38 38 38 38 38 38 38 38 38 38 38 38,42 42 42 42 42 42 42 42,a7218f48,256,32,1,1 1 1,CosDiscrete,30,16,0,65,0.352,2059.1,4174.6,11,8,47,10,SubBytes,3570.245,273805.517,2,18.778,14.773,0.000036,131072,0.000036,0
2026-09-12T11:37:29+02:00,ordi-2-nathan,8,go1.26.7,ba0a1a36+,11,4,2048,1024,1789205849630499556,9,2,sq ((x-y)^2),Cleaning (2 lv),2,XorThenClean,"clean (interp+cleaning, k+1 lv)",5,38,32,38,1238.0,336.0,1574.0,4,326.0,10.0,38 60 38 38 38 38 38 38 38 38 38 38 38 38 38 38 38 38 38 38 38 38 38 38 38 38 38 38 38 38 38 38,42 42 42 42 42 42 42 42,a7218f48,256,32,1,1 1 1,CosDiscrete,30,16,0,65,0.352,2059.1,4174.6,11,8,48,10,Refresh,22196.869,296002.387,11,20.208,14.518,0.000043,131072,0.000043,0
2026-09-12T11:37:29+02:00,ordi-2-nathan,8,go1.26.7,ba0a1a36+,11,4,2048,1024,1789205849630499556,9,2,sq ((x-y)^2),Cleaning (2 lv),2,XorThenClean,"clean (interp+cleaning, k+1 lv)",5,38,32,38,1238.0,336.0,1574.0,4,326.0,10.0,38 60 38 38 38 38 38 38 38 38 38 38 38 38 38 38 38 38 38 38 38 38 38 38 38 38 38 38 38 38 38 38,42 42 42 42 42 42 42 42,a7218f48,256,32,1,1 1 1,CosDiscrete,30,16,0,65,0.352,2059.1,4174.6,11,8,49,10,AddRoundKey,360.254,296362.641,10,24.558,13.519,0.000085,131072,0.000085,0
2026-09-12T11:37:29+02:00,ordi-2-nathan,8,go1.26.7,ba0a1a36+,11,4,2048,1024,1789205849630499556,9,2,sq ((x-y)^2),Cleaning (2 lv),2,XorThenClean,"clean (interp+cleaning, k+1 lv)",5,38,32,38,1238.0,336.0,1574.0,4,326.0,10.0,38 60 38 38 38 38 38 38 38 38 38 38 38 38 38 38 38 38 38 38 38 38 38 38 38 38 38 38 38 38 38 38,42 42 42 42 42 42 42 42,a7218f48,256,32,1,1 1 1,CosDiscrete,30,16,0,65,0.352,2059.1,4174.6,11,8,50,10,Cleaning,713.192,297075.833,8,28.566,24.136,0.000000,131072,0.000000,0
2026-09-12T12:39:05+02:00,ordi-2-nathan,8,go1.26.7,ba0a1a36+,12,4,4096,2048,1789209545680220723,9,2,nosq (x+y-2xy),Cleaning (2 lv),2,XorThenClean,"clean (interp+cleaning, k+1 lv)",5,38,32,38,1238.0,336.0,1574.0,4,326.0,10.0,38 60 38 38 38 38 38 38 38 38 38 38 38 38 38 38 38 38 38 38 38 38 38 38 38 38 38 38 38 38 38 38,42 42 42 42 42 42 42 42,6ece0316,256,32,1,1 1 1,CosDiscrete,30,16,0,97,1.016,5019.1,16474.7,11,8,1,0,FirstRound,245.055,245.055,5,29.883,25.275,0.000000,262144,0.000000,0
2026-09-12T12:39:05+02:00,ordi-2-nathan,8,go1.26.7,ba0a1a36+,12,4,4096,2048,1789209545680220723,9,2,nosq (x+y-2xy),Cleaning (2 lv),2,XorThenClean,"clean (interp+cleaning, k+1 lv)",5,38,32,38,1238.0,336.0,1574.0,4,326.0,10.0,38 60 38 38 38 38 38 38 38 38 38 38 38 38 38 38 38 38 38 38 38 38 38 38 38 38 38 38 38 38 38 38,42 42 42 42 42 42 42 42,6ece0316,256,32,1,1 1 1,CosDiscrete,30,16,0,97,1.016,5019.1,16474.7,11,8,2,1,SubBytes,6042.241,6287.297,2,19.406,15.703,0.000019,262144,0.000019,0
2026-09-12T12:39:05+02:00,ordi-2-nathan,8,go1.26.7,ba0a1a36+,12,4,4096,2048,1789209545680220723,9,2,nosq (x+y-2xy),Cleaning (2 lv),2,XorThenClean,"clean (interp+cleaning, k+1 lv)",5,38,32,38,1238.0,336.0,1574.0,4,326.0,10.0,38 60 38 38 38 38 38 38 38 38 38 38 38 38 38 38 38 38 38 38 38 38 38 38 38 38 38 38 38 38 38 38,42 42 42 42 42 42 42 42,6ece0316,256,32,1,1 1 1,CosDiscrete,30,16,0,97,1.016,5019.1,16474.7,11,8,3,1,Refresh,48847.260,55134.557,11,21.692,15.170,0.000027,262144,0.000027,0
2026-09-12T12:39:05+02:00,ordi-2-nathan,8,go1.26.7,ba0a1a36+,12,4,4096,2048,1789209545680220723,9,2,nosq (x+y-2xy),Cleaning (2 lv),2,XorThenClean,"clean (interp+cleaning, k+1 lv)",5,38,32,38,1238.0,336.0,1574.0,4,326.0,10.0,38 60 38 38 38 38 38 38 38 38 38 38 38 38 38 38 38 38 38 38 38 38 38 38 38 38 38 38 38 38 38 38,42 42 42 42 42 42 42 42,6ece0316,256,32,1,1 1 1,CosDiscrete,30,16,0,97,1.016,5019.1,16474.7,11,8,4,1,MixColumns,3392.882,58527.439,8,14.037,12.365,0.000190,262144,0.000190,0
2026-09-12T12:39:05+02:00,ordi-2-nathan,8,go1.26.7,ba0a1a36+,12,4,4096,2048,1789209545680220723,9,2,nosq (x+y-2xy),Cleaning (2 lv),2,XorThenClean,"clean (interp+cleaning, k+1 lv)",5,38,32,38,1238.0,336.0,1574.0,4,326.0,10.0,38 60 38 38 38 38 38 38 38 38 38 38 38 38 38 38 38 38 38 38 38 38 38 38 38 38 38 38 38 38 38 38,42 42 42 42 42 42 42 42,6ece0316,256,32,1,1 1 1,CosDiscrete,30,16,0,97,1.016,5019.1,16474.7,11,8,5,1,AddRoundKey,665.356,59192.796,7,14.037,12.365,0.000190,262144,0.000190,0
2026-09-12T12:39:05+02:00,ordi-2-nathan,8,go1.26.7,ba0a1a36+,12,4,4096,2048,1789209545680220723,9,2,nosq (x+y-2xy),Cleaning (2 lv),2,XorThenClean,"clean (interp+cleaning, k+1 lv)",5,38,32,38,1238.0,336.0,1574.0,4,326.0,10.0,38 60 38 38 38 38 38 38 38 38 38 38 38 38 38 38 38 38 38 38 38 38 38 38 38 38 38 38 38 38 38 38,42 42 42 42 42 42 42 42,6ece0316,256,32,1,1 1 1,CosDiscrete,30,16,0,97,1.016,5019.1,16474.7,11,8,6,1,Cleaning,900.667,60093.463,5,26.032,22.808,0.000000,262144,0.000000,0
2026-09-12T12:39:05+02:00,ordi-2-nathan,8,go1.26.7,ba0a1a36+,12,4,4096,2048,1789209545680220723,9,2,nosq (x+y-2xy),Cleaning (2 lv),2,XorThenClean,"clean (interp+cleaning, k+1 lv)",5,38,32,38,1238.0,336.0,1574.0,4,326.0,10.0,38 60 38 38 38 38 38 38 38 38 38 38 38 38 38 38 38 38 38 38 38 38 38 38 38 38 38 38 38 38 38 38,42 42 42 42 42 42 42 42,6ece0316,256,32,1,1 1 1,CosDiscrete,30,16,0,97,1.016,5019.1,16474.7,11,8,7,2,SubBytes,6658.674,66752.137,2,15.936,12.681,0.000152,262144,0.000152,0
2026-09-12T12:39:05+02:00,ordi-2-nathan,8,go1.26.7,ba0a1a36+,12,4,4096,2048,1789209545680220723,9,2,nosq (x+y-2xy),Cleaning (2 lv),2,XorThenClean,"clean (interp+cleaning, k+1 lv)",5,38,32,38,1238.0,336.0,1574.0,4,326.0,10.0,38 60 38 38 38 38 38 38 38 38 38 38 38 38 38 38 38 38 38 38 38 38 38 38 38 38 38 38 38 38 38 38,42 42 42 42 42 42 42 42,6ece0316,256,32,1,1 1 1,CosDiscrete,30,16,0,97,1.016,5019.1,16474.7,11,8,8,2,Refresh,46296.000,113048.138,11,19.167,14.912,0.000032,262144,0.000032,0
2026-09-12T12:39:05+02:00,ordi-2-nathan,8,go1.26.7,ba0a1a36+,12,4,4096,2048,1789209545680220723,9,2,nosq (x+y-2xy),Cleaning (2 lv),2,XorThenClean,"clean (interp+cleaning, k+1 lv)",5,38,32,38,1238.0,336.0,1574.0,4,326.0,10.0,38 60 38 38 38 38 38 38 38 38 38 38 38 38 38 38 38 38 38 38 38 38 38 38 38 38 38 38 38 38 38 38,42 42 42 42 42 42 42 42,6ece0316,256,32,1,1 1 1,CosDiscrete,30,16,0,97,1.016,5019.1,16474.7,11,8,9,2,MixColumns,3586.365,116634.503,8,13.844,12.250,0.000205,262144,0.000205,0
2026-09-12T12:39:05+02:00,ordi-2-nathan,8,go1.26.7,ba0a1a36+,12,4,4096,2048,1789209545680220723,9,2,nosq (x+y-2xy),Cleaning (2 lv),2,XorThenClean,"clean (interp+cleaning, k+1 lv)",5,38,32,38,1238.0,336.0,1574.0,4,326.0,10.0,38 60 38 38 38 38 38 38 38 38 38 38 38 38 38 38 38 38 38 38 38 38 38 38 38 38 38 38 38 38 38 38,42 42 42 42 42 42 42 42,6ece0316,256,32,1,1 1 1,CosDiscrete,30,16,0,97,1.016,5019.1,16474.7,11,8,10,2,AddRoundKey,653.954,117288.457,7,13.844,12.250,0.000205,262144,0.000205,0
2026-09-12T12:39:05+02:00,ordi-2-nathan,8,go1.26.7,ba0a1a36+,12,4,4096,2048,1789209545680220723,9,2,nosq (x+y-2xy),Cleaning (2 lv),2,XorThenClean,"clean (interp+cleaning, k+1 lv)",5,38,32,38,1238.0,336.0,1574.0,4,326.0,10.0,38 60 38 38 38 38 38 38 38 38 38 38 38 38 38 38 38 38 38 38 38 38 38 38 38 38 38 38 38 38 38 38,42 42 42 42 42 42 42 42,6ece0316,256,32,1,1 1 1,CosDiscrete,30,16,0,97,1.016,5019.1,16474.7,11,8,11,2,Cleaning,926.411,118214.869,5,25.956,22.659,0.000000,262144,0.000000,0
2026-09-12T12:39:05+02:00,ordi-2-nathan,8,go1.26.7,ba0a1a36+,12,4,4096,2048,1789209545680220723,9,2,nosq (x+y-2xy),Cleaning (2 lv),2,XorThenClean,"clean (interp+cleaning, k+1 lv)",5,38,32,38,1238.0,336.0,1574.0,4,326.0,10.0,38 60 38 38 38 38 38 38 38 38 38 38 38 38 38 38 38 38 38 38 38 38 38 38 38 38 38 38 38 38 38 38,42 42 42 42 42 42 42 42,6ece0316,256,32,1,1 1 1,CosDiscrete,30,16,0,97,1.016,5019.1,16474.7,11,8,12,3,SubBytes,7659.240,125874.110,2,15.969,12.682,0.000152,262144,0.000152,0
2026-09-12T12:39:05+02:00,ordi-2-nathan,8,go1.26.7,ba0a1a36+,12,4,4096,2048,1789209545680220723,9,2,nosq (x+y-2xy),Cleaning (2 lv),2,XorThenClean,"clean (interp+cleaning, k+1 lv)",5,38,32,38,1238.0,336.0,1574.0,4,326.0,10.0,38 60 38 38 38 38 38 38 38 38 38 38 38 38 38 38 38 38 38 38 38 38 38 38 38 38 38 38 38 38 38 38,42 42 42 42 42 42 42 42,6ece0316,256,32,1,1 1 1,CosDiscrete,30,16,0,97,1.016,5019.1,16474.7,11,8,13,3,Refresh,52896.628,178770.738,11,19.166,14.911,0.000032,262144,0.000032,0
2026-09-12T12:39:05+02:00,ordi-2-nathan,8,go1.26.7,ba0a1a36+,12,4,4096,2048,1789209545680220723,9,2,nosq (x+y-2xy),Cleaning (2 lv),2,XorThenClean,"clean (interp+cleaning, k+1 lv)",5,38,32,38,1238.0,336.0,1574.0,4,326.0,10.0,38 60 38 38 38 38 38 38 38 38 38 38 38 38 38 38 38 38 38 38 38 38 38 38 38 38 38 38 38 38 38 38,42 42 42 42 42 42 42 42,6ece0316,256,32,1,1 1 1,CosDiscrete,30,16,0,97,1.016,5019.1,16474.7,11,8,14,3,MixColumns,3991.368,182762.107,8,13.834,12.261,0.000204,262144,0.000204,0
2026-09-12T12:39:05+02:00,ordi-2-nathan,8,go1.26.7,ba0a1a36+,12,4,4096,2048,1789209545680220723,9,2,nosq (x+y-2xy),Cleaning (2 lv),2,XorThenClean,"clean (interp+cleaning, k+1 lv)",5,38,32,38,1238.0,336.0,1574.0,4,326.0,10.0,38 60 38 38 38 38 38 38 38 38 38 38 38 38 38 38 38 38 38 38 38 38 38 38 38 38 38 38 38 38 38 38,42 42 42 42 42 42 42 42,6ece0316,256,32,1,1 1 1,CosDiscrete,30,16,0,97,1.016,5019.1,16474.7,11,8,15,3,AddRoundKey,665.448,183427.555,7,13.834,12.261,0.000204,262144,0.000204,0
2026-09-12T12:39:05+02:00,ordi-2-nathan,8,go1.26.7,ba0a1a36+,12,4,4096,2048,1789209545680220723,9,2,nosq (x+y-2xy),Cleaning (2 lv),2,XorThenClean,"clean (interp+cleaning, k+1 lv)",5,38,32,38,1238.0,336.0,1574.0,4,326.0,10.0,38 60 38 38 38 38 38 38 38 38 38 38 38 38 38 38 38 38 38 38 38 38 38 38 38 38 38 38 38 38 38 38,42 42 42 42 42 42 42 42,6ece0316,256,32,1,1 1 1,CosDiscrete,30,16,0,97,1.016,5019.1,16474.7,11,8,16,3,Cleaning,1064.463,184492.019,5,25.951,22.676,0.000000,262144,0.000000,0
2026-09-12T12:39:05+02:00,ordi-2-nathan,8,go1.26.7,ba0a1a36+,12,4,4096,2048,1789209545680220723,9,2,nosq (x+y-2xy),Cleaning (2 lv),2,XorThenClean,"clean (interp+cleaning, k+1 lv)",5,38,32,38,1238.0,336.0,1574.0,4,326.0,10.0,38 60 38 38 38 38 38 38 38 38 38 38 38 38 38 38 38 38 38 38 38 38 38 38 38 38 38 38 38 38 38 38,42 42 42 42 42 42 42 42,6ece0316,256,32,1,1 1 1,CosDiscrete,30,16,0,97,1.016,5019.1,16474.7,11,8,17,4,SubBytes,7846.371,192338.390,2,15.941,12.680,0.000152,262144,0.000152,0
2026-09-12T12:39:05+02:00,ordi-2-nathan,8,go1.26.7,ba0a1a36+,12,4,4096,2048,1789209545680220723,9,2,nosq (x+y-2xy),Cleaning (2 lv),2,XorThenClean,"clean (interp+cleaning, k+1 lv)",5,38,32,38,1238.0,336.0,1574.0,4,326.0,10.0,38 60 38 38 38 38 38 38 38 38 38 38 38 38 38 38 38 38 38 38 38 38 38 38 38 38 38 38 38 38 38 38,42 42 42 42 42 42 42 42,6ece0316,256,32,1,1 1 1,CosDiscrete,30,16,0,97,1.016,5019.1,16474.7,11,8,18,4,Refresh,66997.821,259336.212,11,19.151,14.911,0.000032,262144,0.000032,0
2026-09-12T12:39:05+02:00,ordi-2-nathan,8,go1.26.7,ba0a1a36+,12,4,4096,2048,1789209545680220723,9,2,nosq (x+y-2xy),Cleaning (2 lv),2,XorThenClean,"clean (interp+cleaning, k+1 lv)",5,38,32,38,1238.0,336.0,1574.0,4,326.0,10.0,38 60 38 38 38 38 38 38 38 38 38 38 38 38 38 38 38 38 38 38 38 38 38 38 38 38 38 38 38 38 38 38,42 42 42 42 42 42 42 42,6ece0316,256,32,1,1 1 1,CosDiscrete,30,16,0,97,1.016,5019.1,16474.7,11,8,19,4,MixColumns,4500.215,263836.428,8,13.831,12.237,0.000207,262144,0.000207,0
2026-09-12T12:39:05+02:00,ordi-2-nathan,8,go1.26.7,ba0a1a36+,12,4,4096,2048,1789209545680220723,9,2,nosq (x+y-2xy),Cleaning (2 lv),2,XorThenClean,"clean (interp+cleaning, k+1 lv)",5,38,32,38,1238.0,336.0,1574.0,4,326.0,10.0,38 60 38 38 38 38 38 38 38 38 38 38 38 38 38 38 38 38 38 38 38 38 38 38 38 38 38 38 38 38 38 38,42 42 42 42 42 42 42 42,6ece0316,256,32,1,1 1 1,CosDiscrete,30,16,0,97,1.016,5019.1,16474.7,11,8,20,4,AddRoundKey,1109.509,264945.938,7,13.831,12.237,0.000207,262144,0.000207,0
2026-09-12T12:39:05+02:00,ordi-2-nathan,8,go1.26.7,ba0a1a36+,12,4,4096,2048,1789209545680220723,9,2,nosq (x+y-2xy),Cleaning (2 lv),2,XorThenClean,"clean (interp+cleaning, k+1 lv)",5,38,32,38,1238.0,336.0,1574.0,4,326.0,10.0,38 60 38 38 38 38 38 38 38 38 38 38 38 38 38 38 38 38 38 38 38 38 38 38 38 38 38 38 38 38 38 38,42 42 42 42 42 42 42 42,6ece0316,256,32,1,1 1 1,CosDiscrete,30,16,0,97,1.016,5019.1,16474.7,11,8,21,4,Cleaning,1116.598,266062.536,5,25.939,22.712,0.000000,262144,0.000000,0
2026-09-12T12:39:05+02:00,ordi-2-nathan,8,go1.26.7,ba0a1a36+,12,4,4096,2048,1789209545680220723,9,2,nosq (x+y-2xy),Cleaning (2 lv),2,XorThenClean,"clean (interp+cleaning, k+1 lv)",5,38,32,38,1238.0,336.0,1574.0,4,326.0,10.0,38 60 38 38 38 38 38 38 38 38 38 38 38 38 38 38 38 38 38 38 38 38 38 38 38 38 38 38 38 38 38 38,42 42 42 42 42 42 42 42,6ece0316,256,32,1,1 1 1,CosDiscrete,30,16,0,97,1.016,5019.1,16474.7,11,8,22,5,SubBytes,7970.916,274033.452,2,15.940,12.681,0.000152,262144,0.000152,0
2026-09-12T12:39:05+02:00,ordi-2-nathan,8,go1.26.7,ba0a1a36+,12,4,4096,2048,1789209545680220723,9,2,nosq (x+y-2xy),Cleaning (2 lv),2,XorThenClean,"clean (interp+cleaning, k+1 lv)",5,38,32,38,1238.0,336.0,1574.0,4,326.0,10.0,38 60 38 38 38 38 38 38 38 38 38 38 38 38 38 38 38 38 38 38 38 38 38 38 38 38 38 38 38 38 38 38,42 42 42 42 42 42 42 42,6ece0316,256,32,1,1 1 1,CosDiscrete,30,16,0,97,1.016,5019.1,16474.7,11,8,23,5,Refresh,56741.233,330774.686,11,19.185,14.912,0.000032,262144,0.000032,0
2026-09-12T12:39:05+02:00,ordi-2-nathan,8,go1.26.7,ba0a1a36+,12,4,4096,2048,1789209545680220723,9,2,nosq (x+y-2xy),Cleaning (2 lv),2,XorThenClean,"clean (interp+cleaning, k+1 lv)",5,38,32,38,1238.0,336.0,1574.0,4,326.0,10.0,38 60 38 38 38 38 38 38 38 38 38 38 38 38 38 38 38 38 38 38 38 38 38 38 38 38 38 38 38 38 38 38,42 42 42 42 42 42 42 42,6ece0316,256,32,1,1 1 1,CosDiscrete,30,16,0,97,1.016,5019.1,16474.7,11,8,24,5,MixColumns,3711.249,334485.935,8,13.846,12.240,0.000207,262144,0.000207,0
2026-09-12T12:39:05+02:00,ordi-2-nathan,8,go1.26.7,ba0a1a36+,12,4,4096,2048,1789209545680220723,9,2,nosq (x+y-2xy),Cleaning (2 lv),2,XorThenClean,"clean (interp+cleaning, k+1 lv)",5,38,32,38,1238.0,336.0,1574.0,4,326.0,10.0,38 60 38 38 38 38 38 38 38 38 38 38 38 38 38 38 38 38 38 38 38 38 38 38 38 38 38 38 38 38 38 38,42 42 42 42 42 42 42 42,6ece0316,256,32,1,1 1 1,CosDiscrete,30,16,0,97,1.016,5019.1,16474.7,11,8,25,5,AddRoundKey,816.216,335302.152,7,13.846,12.240,0.000207,262144,0.000207,0
2026-09-12T12:39:05+02:00,ordi-2-nathan,8,go1.26.7,ba0a1a36+,12,4,4096,2048,1789209545680220723,9,2,nosq (x+y-2xy),Cleaning (2 lv),2,XorThenClean,"clean (interp+cleaning, k+1 lv)",5,38,32,38,1238.0,336.0,1574.0,4,326.0,10.0,38 60 38 38 38 38 38 38 38 38 38 38 38 38 38 38 38 38 38 38 38 38 38 38 38 38 38 38 38 38 38 38,42 42 42 42 42 42 42 42,6ece0316,256,32,1,1 1 1,CosDiscrete,30,16,0,97,1.016,5019.1,16474.7,11,8,26,5,Cleaning,949.676,336251.828,5,25.965,22.779,0.000000,262144,0.000000,0
2026-09-12T12:39:05+02:00,ordi-2-nathan,8,go1.26.7,ba0a1a36+,12,4,4096,2048,1789209545680220723,9,2,nosq (x+y-2xy),Cleaning (2 lv),2,XorThenClean,"clean (interp+cleaning, k+1 lv)",5,38,32,38,1238.0,336.0,1574.0,4,326.0,10.0,38 60 38 38 38 38 38 38 38 38 38 38 38 38 38 38 38 38 38 38 38 38 38 38 38 38 38 38 38 38 38 38,42 42 42 42 42 42 42 42,6ece0316,256,32,1,1 1 1,CosDiscrete,30,16,0,97,1.016,5019.1,16474.7,11,8,27,6,SubBytes,7341.666,343593.494,2,15.954,12.682,0.000152,262144,0.000152,0
2026-09-12T12:39:05+02:00,ordi-2-nathan,8,go1.26.7,ba0a1a36+,12,4,4096,2048,1789209545680220723,9,2,nosq (x+y-2xy),Cleaning (2 lv),2,XorThenClean,"clean (interp+cleaning, k+1 lv)",5,38,32,38,1238.0,336.0,1574.0,4,326.0,10.0,38 60 38 38 38 38 38 38 38 38 38 38 38 38 38 38 38 38 38 38 38 38 38 38 38 38 38 38 38 38 38 38,42 42 42 42 42 42 42 42,6ece0316,256,32,1,1 1 1,CosDiscrete,30,16,0,97,1.016,5019.1,16474.7,11,8,28,6,Refresh,54230.333,397823.827,11,19.168,14.912,0.000032,262144,0.000032,0
2026-09-12T12:39:05+02:00,ordi-2-nathan,8,go1.26.7,ba0a1a36+,12,4,4096,2048,1789209545680220723,9,2,nosq (x+y-2xy),Cleaning (2 lv),2,XorThenClean,"clean (interp+cleaning, k+1 lv)",5,38,32,38,1238.0,336.0,1574.0,4,326.0,10.0,38 60 38 38 38 38 38 38 38 38 38 38 38 38 38 38 38 38 38 38 38 38 38 38 38 38 38 38 38 38 38 38,42 42 42 42 42 42 42 42,6ece0316,256,32,1,1 1 1,CosDiscrete,30,16,0,97,1.016,5019.1,16474.7,11,8,29,6,MixColumns,3880.171,401703.999,8,13.837,12.252,0.000205,262144,0.000205,0
2026-09-12T12:39:05+02:00,ordi-2-nathan,8,go1.26.7,ba0a1a36+,12,4,4096,2048,1789209545680220723,9,2,nosq (x+y-2xy),Cleaning (2 lv),2,XorThenClean,"clean (interp+cleaning, k+1 lv)",5,38,32,38,1238.0,336.0,1574.0,4,326.0,10.0,38 60 38 38 38 38 38 38 38 38 38 38 38 38 38 38 38 38 38 38 38 38 38 38 38 38 38 38 38 38 38 38,42 42 42 42 42 42 42 42,6ece0316,256,32,1,1 1 1,CosDiscrete,30,16,0,97,1.016,5019.1,16474.7,11,8,30,6,AddRoundKey,903.025,402607.024,7,13.837,12.252,0.000205,262144,0.000205,0
2026-09-12T12:39:05+02:00,ordi-2-nathan,8,go1.26.7,ba0a1a36+,12,4,4096,2048,1789209545680220723,9,2,nosq (x+y-2xy),Cleaning (2 lv),2,XorThenClean,"clean (interp+cleaning, k+1 lv)",5,38,32,38,1238.0,336.0,1574.0,4,326.0,10.0,38 60 38 38 38 38 38 38 38 38 38 38 38 38 38 38 38 38 38 38 38 38 38 38 38 38 38 38 38 38 38 38,42 42 42 42 42 42 42 42,6ece0316,256,32,1,1 1 1,CosDiscrete,30,16,0,97,1.016,5019.1,16474.7,11,8,31,6,Cleaning,1034.203,403641.227,5,25.952,22.738,0.000000,262144,0.000000,0
2026-09-12T12:39:05+02:00,ordi-2-nathan,8,go1.26.7,ba0a1a36+,12,4,4096,2048,1789209545680220723,9,2,nosq (x+y-2xy),Cleaning (2 lv),2,XorThenClean,"clean (interp+cleaning, k+1 lv)",5,38,32,38,1238.0,336.0,1574.0,4,326.0,10.0,38 60 38 38 38 38 38 38 38 38 38 38 38 38 38 38 38 38 38 38 38 38 38 38 38 38 38 38 38 38 38 38,42 42 42 42 42 42 42 42,6ece0316,256,32,1,1 1 1,CosDiscrete,30,16,0,97,1.016,5019.1,16474.7,11,8,32,7,SubBytes,7184.176,410825.404,2,15.941,12.683,0.000152,262144,0.000152,0
2026-09-12T12:39:05+02:00,ordi-2-nathan,8,go1.26.7,ba0a1a36+,12,4,4096,2048,1789209545680220723,9,2,nosq (x+y-2xy),Cleaning (2 lv),2,XorThenClean,"clean (interp+cleaning, k+1 lv)",5,38,32,38,1238.0,336.0,1574.0,4,326.0,10.0,38 60 38 38 38 38 38 38 38 38 38 38 38 38 38 38 38 38 38 38 38 38 38 38 38 38 38 38 38 38 38 38,42 42 42 42 42 42 42 42,6ece0316,256,32,1,1 1 1,CosDiscrete,30,16,0,97,1.016,5019.1,16474.7,11,8,33,7,Refresh,54236.538,465061.942,11,19.173,14.912,0.000032,262144,0.000032,0
2026-09-12T12:39:05+02:00,ordi-2-nathan,8,go1.26.7,ba0a1a36+,12,4,4096,2048,1789209545680220723,9,2,nosq (x+y-2xy),Cleaning (2 lv),2,XorThenClean,"clean (interp+cleaning, k+1 lv)",5,38,32,38,1238.0,336.0,1574.0,4,326.0,10.0,38 60 38 38 38 38 38 38 38 38 38 38 38 38 38 38 38 38 38 38 38 38 38 38 38 38 38 38 38 38 38 38,42 42 42 42 42 42 42 42,6ece0316,256,32,1,1 1 1,CosDiscrete,30,16,0,97,1.016,5019.1,16474.7,11,8,34,7,MixColumns,3656.550,468718.492,8,13.837,12.248,0.000206,262144,0.000206,0
2026-09-12T12:39:05+02:00,ordi-2-nathan,8,go1.26.7,ba0a1a36+,12,4,4096,2048,1789209545680220723,9,2,nosq (x+y-2xy),Cleaning (2 lv),2,XorThenClean,"clean (interp+cleaning, k+1 lv)",5,38,32,38,1238.0,336.0,1574.0,4,326.0,10.0,38 60 38 38 38 38 38 38 38 38 38 38 38 38 38 38 38 38 38 38 38 38 38 38 38 38 38 38 38 38 38 38,42 42 42 42 42 42 42 42,6ece0316,256,32,1,1 1 1,CosDiscrete,30,16,0,97,1.016,5019.1,16474.7,11,8,35,7,AddRoundKey,883.689,469602.182,7,13.837,12.248,0.000206,262144,0.000206,0
2026-09-12T12:39:05+02:00,ordi-2-nathan,8,go1.26.7,ba0a1a36+,12,4,4096,2048,1789209545680220723,9,2,nosq (x+y-2xy),Cleaning (2 lv),2,XorThenClean,"clean (interp+cleaning, k+1 lv)",5,38,32,38,1238.0,336.0,1574.0,4,326.0,10.0,38 60 38 38 38 38 38 38 38 38 38 38 38 38 38 38 38 38 38 38 38 38 38 38 38 38 38 38 38 38 38 38,42 42 42 42 42 42 42 42,6ece0316,256,32,1,1 1 1,CosDiscrete,30,16,0,97,1.016,5019.1,16474.7,11,8,36,7,Cleaning,1000.673,470602.856,5,25.949,22.742,0.000000,262144,0.000000,0
2026-09-12T12:39:05+02:00,ordi-2-nathan,8,go1.26.7,ba0a1a36+,12,4,4096,2048,1789209545680220723,9,2,nosq (x+y-2xy),Cleaning (2 lv),2,XorThenClean,"clean (interp+cleaning, k+1 lv)",5,38,32,38,1238.0,336.0,1574.0,4,326.0,10.0,38 60 38 38 38 38 38 38 38 38 38 38 38 38 38 38 38 38 38 38 38 38 38 38 38 38 38 38 38 38 38 38,42 42 42 42 42 42 42 42,6ece0316,256,32,1,1 1 1,CosDiscrete,30,16,0,97,1.016,5019.1,16474.7,11,8,37,8,SubBytes,7433.761,478036.617,2,15.942,12.683,0.000152,262144,0.000152,0
2026-09-12T12:39:05+02:00,ordi-2-nathan,8,go1.26.7,ba0a1a36+,12,4,4096,2048,1789209545680220723,9,2,nosq (x+y-2xy),Cleaning (2 lv),2,XorThenClean,"clean (interp+cleaning, k+1 lv)",5,38,32,38,1238.0,336.0,1574.0,4,326.0,10.0,38 60 38 38 38 38 38 38 38 38 38 38 38 38 38 38 38 38 38 38 38 38 38 38 38 38 38 38 38 38 38 38,42 42 42 42 42 42 42 42,6ece0316,256,32,1,1 1 1,CosDiscrete,30,16,0,97,1.016,5019.1,16474.7,11,8,38,8,Refresh,54792.489,532829.107,11,19.173,14.912,0.000032,262144,0.000032,0
2026-09-12T12:39:05+02:00,ordi-2-nathan,8,go1.26.7,ba0a1a36+,12,4,4096,2048,1789209545680220723,9,2,nosq (x+y-2xy),Cleaning (2 lv),2,XorThenClean,"clean (interp+cleaning, k+1 lv)",5,38,32,38,1238.0,336.0,1574.0,4,326.0,10.0,38 60 38 38 38 38 38 38 38 38 38 38 38 38 38 38 38 38 38 38 38 38 38 38 38 38 38 38 38 38 38 38,42 42 42 42 42 42 42 42,6ece0316,256,32,1,1 1 1,CosDiscrete,30,16,0,97,1.016,5019.1,16474.7,11,8,39,8,MixColumns,3686.249,536515.356,8,13.834,12.243,0.000206,262144,0.000206,0
2026-09-12T12:39:05+02:00,ordi-2-nathan,8,go1.26.7,ba0a1a36+,12,4,4096,2048,1789209545680220723,9,2,nosq (x+y-2xy),Cleaning (2 lv),2,XorThenClean,"clean (interp+cleaning, k+1 lv)",5,38,32,38,1238.0,336.0,1574.0,4,326.0,10.0,38 60 38 38 38 38 38 38 38 38 38 38 38 38 38 38 38 38 38 38 38 38 38 38 38 38 38 38 38 38 38 38,42 42 42 42 42 42 42 42,6ece0316,256,32,1,1 1 1,CosDiscrete,30,16,0,97,1.016,5019.1,16474.7,11,8,40,8,AddRoundKey,1017.046,537532.402,7,13.834,12.243,0.000206,262144,0.000206,0
2026-09-12T12:39:05+02:00,ordi-2-nathan,8,go1.26.7,ba0a1a36+,12,4,4096,2048,1789209545680220723,9,2,nosq (x+y-2xy),Cleaning (2 lv),2,XorThenClean,"clean (interp+cleaning, k+1 lv)",5,38,32,38,1238.0,336.0,1574.0,4,326.0,10.0,38 60 38 38 38 38 38 38 38 38 38 38 38 38 38 38 38 38 38 38 38 38 38 38 38 38 38 38 38 38 38 38,42 42 42 42 42 42 42 42,6ece0316,256,32,1,1 1 1,CosDiscrete,30,16,0,97,1.016,5019.1,16474.7,11,8,41,8,Cleaning,1064.988,538597.391,5,25.945,22.315,0.000000,262144,0.000000,0
2026-09-12T12:39:05+02:00,ordi-2-nathan,8,go1.26.7,ba0a1a36+,12,4,4096,2048,1789209545680220723,9,2,nosq (x+y-2xy),Cleaning (2 lv),2,XorThenClean,"clean (interp+cleaning, k+1 lv)",5,38,32,38,1238.0,336.0,1574.0,4,326.0,10.0,38 60 38 38 38 38 38 38 38 38 38 38 38 38 38 38 38 38 38 38 38 38 38 38 38 38 38 38 38 38 38 38,42 42 42 42 42 42 42 42,6ece0316,256,32,1,1 1 1,CosDiscrete,30,16,0,97,1.016,5019.1,16474.7,11,8,42,9,SubBytes,9125.159,547722.550,2,15.946,12.683,0.000152,262144,0.000152,0
2026-09-12T12:39:05+02:00,ordi-2-nathan,8,go1.26.7,ba0a1a36+,12,4,4096,2048,1789209545680220723,9,2,nosq (x+y-2xy),Cleaning (2 lv),2,XorThenClean,"clean (interp+cleaning, k+1 lv)",5,38,32,38,1238.0,336.0,1574.0,4,326.0,10.0,38 60 38 38 38 38 38 38 38 38 38 38 38 38 38 38 38 38 38 38 38 38 38 38 38 38 38 38 38 38 38 38,42 42 42 42 42 42 42 42,6ece0316,256,32,1,1 1 1,CosDiscrete,30,16,0,97,1.016,5019.1,16474.7,11,8,43,9,Refresh,60902.357,608624.908,11,19.184,14.912,0.000032,262144,0.000032,0
2026-09-12T12:39:05+02:00,ordi-2-nathan,8,go1.26.7,ba0a1a36+,12,4,4096,2048,1789209545680220723,9,2,nosq (x+y-2xy),Cleaning (2 lv),2,XorThenClean,"clean (interp+cleaning, k+1 lv)",5,38,32,38,1238.0,336.0,1574.0,4,326.0,10.0,38 60 38 38 38 38 38 38 38 38 38 38 38 38 38 38 38 38 38 38 38 38 38 38 38 38 38 38 38 38 38 38,42 42 42 42 42 42 42 42,6ece0316,256,32,1,1 1 1,CosDiscrete,30,16,0,97,1.016,5019.1,16474.7,11,8,44,9,MixColumns,3997.565,612622.473,8,13.844,12.251,0.000205,262144,0.000205,0
2026-09-12T12:39:05+02:00,ordi-2-nathan,8,go1.26.7,ba0a1a36+,12,4,4096,2048,1789209545680220723,9,2,nosq (x+y-2xy),Cleaning (2 lv),2,XorThenClean,"clean (interp+cleaning, k+1 lv)",5,38,32,38,1238.0,336.0,1574.0,4,326.0,10.0,38 60 38 38 38 38 38 38 38 38 38 38 38 38 38 38 38 38 38 38 38 38 38 38 38 38 38 38 38 38 38 38,42 42 42 42 42 42 42 42,6ece0316,256,32,1,1 1 1,CosDiscrete,30,16,0,97,1.016,5019.1,16474.7,11,8,45,9,AddRoundKey,953.884,613576.357,7,13.844,12.251,0.000205,262144,0.000205,0
2026-09-12T12:39:05+02:00,ordi-2-nathan,8,go1.26.7,ba0a1a36+,12,4,4096,2048,1789209545680220723,9,2,nosq (x+y-2xy),Cleaning (2 lv),2,XorThenClean,"clean (interp+cleaning, k+1 lv)",5,38,32,38,1238.0,336.0,1574.0,4,326.0,10.0,38 60 38 38 38 38 38 38 38 38 38 38 38 38 38 38 38 38 38 38 38 38 38 38 38 38 38 38 38 38 38 38,42 42 42 42 42 42 42 42,6ece0316,256,32,1,1 1 1,CosDiscrete,30,16,0,97,1.016,5019.1,16474.7,11,8,46,9,Cleaning,1065.896,614642.254,5,25.961,22.733,0.000000,262144,0.000000,0
2026-09-12T12:39:05+02:00,ordi-2-nathan,8,go1.26.7,ba0a1a36+,12,4,4096,2048,1789209545680220723,9,2,nosq (x+y-2xy),Cleaning (2 lv),2,XorThenClean,"clean (interp+cleaning, k+1 lv)",5,38,32,38,1238.0,336.0,1574.0,4,326.0,10.0,38 60 38 38 38 38 38 38 38 38 38 38 38 38 38 38 38 38 38 38 38 38 38 38 38 38 38 38 38 38 38 38,42 42 42 42 42 42 42 42,6ece0316,256,32,1,1 1 1,CosDiscrete,30,16,0,97,1.016,5019.1,16474.7,11,8,47,10,SubBytes,8660.450,623302.705,2,15.955,12.681,0.000152,262144,0.000152,0
2026-09-12T12:39:05+02:00,ordi-2-nathan,8,go1.26.7,ba0a1a36+,12,4,4096,2048,1789209545680220723,9,2,nosq (x+y-2xy),Cleaning (2 lv),2,XorThenClean,"clean (interp+cleaning, k+1 lv)",5,38,32,38,1238.0,336.0,1574.0,4,326.0,10.0,38 60 38 38 38 38 38 38 38 38 38 38 38 38 38 38 38 38 38 38 38 38 38 38 38 38 38 38 38 38 38 38,42 42 42 42 42 42 42 42,6ece0316,256,32,1,1 1 1,CosDiscrete,30,16,0,97,1.016,5019.1,16474.7,11,8,48,10,Refresh,55549.810,678852.515,11,19.169,14.912,0.000032,262144,0.000032,0
2026-09-12T12:39:05+02:00,ordi-2-nathan,8,go1.26.7,ba0a1a36+,12,4,4096,2048,1789209545680220723,9,2,nosq (x+y-2xy),Cleaning (2 lv),2,XorThenClean,"clean (interp+cleaning, k+1 lv)",5,38,32,38,1238.0,336.0,1574.0,4,326.0,10.0,38 60 38 38 38 38 38 38 38 38 38 38 38 38 38 38 38 38 38 38 38 38 38 38 38 38 38 38 38 38 38 38,42 42 42 42 42 42 42 42,6ece0316,256,32,1,1 1 1,CosDiscrete,30,16,0,97,1.016,5019.1,16474.7,11,8,49,10,AddRoundKey,1283.498,680136.013,10,19.163,14.912,0.000032,262144,0.000032,0
2026-09-12T12:39:05+02:00,ordi-2-nathan,8,go1.26.7,ba0a1a36+,12,4,4096,2048,1789209545680220723,9,2,nosq (x+y-2xy),Cleaning (2 lv),2,XorThenClean,"clean (interp+cleaning, k+1 lv)",5,38,32,38,1238.0,336.0,1574.0,4,326.0,10.0,38 60 38 38 38 38 38 38 38 38 38 38 38 38 38 38 38 38 38 38 38 38 38 38 38 38 38 38 38 38 38 38,42 42 42 42 42 42 42 42,6ece0316,256,32,1,1 1 1,CosDiscrete,30,16,0,97,1.016,5019.1,16474.7,11,8,50,10,Cleaning,1662.789,681798.803,8,28.896,23.714,0.000000,262144,0.000000,0
2026-09-12T12:52:31+02:00,ordi-2-nathan,8,go1.26.7,ba0a1a36+,12,4,4096,2048,1789210351802040587,9,2,sq ((x-y)^2),Cleaning (2 lv),2,XorThenClean,"clean (interp+cleaning, k+1 lv)",5,38,32,38,1238.0,336.0,1574.0,4,326.0,10.0,38 60 38 38 38 38 38 38 38 38 38 38 38 38 38 38 38 38 38 38 38 38 38 38 38 38 38 38 38 38 38 38,42 42 42 42 42 42 42 42,6ece0316,256,32,1,1 1 1,CosDiscrete,30,16,0,97,1.016,5844.6,20721.0,11,8,1,0,FirstRound,724.642,724.642,5,29.939,25.293,0.000000,262144,0.000000,0
2026-09-12T12:52:31+02:00,ordi-2-nathan,8,go1.26.7,ba0a1a36+,12,4,4096,2048,1789210351802040587,9,2,sq ((x-y)^2),Cleaning (2 lv),2,XorThenClean,"clean (interp+cleaning, k+1 lv)",5,38,32,38,1238.0,336.0,1574.0,4,326.0,10.0,38 60 38 38 38 38 38 38 38 38 38 38 38 38 38 38 38 38 38 38 38 38 38 38 38 38 38 38 38 38 38 38,42 42 42 42 42 42 42 42,6ece0316,256,32,1,1 1 1,CosDiscrete,30,16,0,97,1.016,5844.6,20721.0,11,8,2,1,SubBytes,7759.812,8484.454,2,20.180,16.651,0.000010,262144,0.000010,0
2026-09-12T12:52:31+02:00,ordi-2-nathan,8,go1.26.7,ba0a1a36+,12,4,4096,2048,1789210351802040587,9,2,sq ((x-y)^2),Cleaning (2 lv),2,XorThenClean,"clean (interp+cleaning, k+1 lv)",5,38,32,38,1238.0,336.0,1574.0,4,326.0,10.0,38 60 38 38 38 38 38 38 38 38 38 38 38 38 38 38 38 38 38 38 38 38 38 38 38 38 38 38 38 38 38 38,42 42 42 42 42 42 42 42,6ece0316,256,32,1,1 1 1,CosDiscrete,30,16,0,97,1.016,5844.6,20721.0,11,8,3,1,Refresh,56473.623,64958.077,11,20.789,15.596,0.000020,262144,0.000020,0
2026-09-12T12:52:31+02:00,ordi-2-nathan,8,go1.26.7,ba0a1a36+,12,4,4096,2048,1789210351802040587,9,2,sq ((x-y)^2),Cleaning (2 lv),2,XorThenClean,"clean (interp+cleaning, k+1 lv)",5,38,32,38,1238.0,336.0,1574.0,4,326.0,10.0,38 60 38 38 38 38 38 38 38 38 38 38 38 38 38 38 38 38 38 38 38 38 38 38 38 38 38 38 38 38 38 38,42 42 42 42 42 42 42 42,6ece0316,256,32,1,1 1 1,CosDiscrete,30,16,0,97,1.016,5844.6,20721.0,11,8,4,1,MixColumns,3597.518,68555.596,8,21.765,12.806,0.000140,262144,0.000140,0
2026-09-12T12:52:31+02:00,ordi-2-nathan,8,go1.26.7,ba0a1a36+,12,4,4096,2048,1789210351802040587,9,2,sq ((x-y)^2),Cleaning (2 lv),2,XorThenClean,"clean (interp+cleaning, k+1 lv)",5,38,32,38,1238.0,336.0,1574.0,4,326.0,10.0,38 60 38 38 38 38 38 38 38 38 38 38 38 38 38 38 38 38 38 38 38 38 38 38 38 38 38 38 38 38 38 38,42 42 42 42 42 42 42 42,6ece0316,256,32,1,1 1 1,CosDiscrete,30,16,0,97,1.016,5844.6,20721.0,11,8,5,1,AddRoundKey,650.850,69206.447,7,24.552,11.970,0.000249,262144,0.000249,0
2026-09-12T12:52:31+02:00,ordi-2-nathan,8,go1.26.7,ba0a1a36+,12,4,4096,2048,1789210351802040587,9,2,sq ((x-y)^2),Cleaning (2 lv),2,XorThenClean,"clean (interp+cleaning, k+1 lv)",5,38,32,38,1238.0,336.0,1574.0,4,326.0,10.0,38 60 38 38 38 38 38 38 38 38 38 38 38 38 38 38 38 38 38 38 38 38 38 38 38 38 38 38 38 38 38 38,42 42 42 42 42 42 42 42,6ece0316,256,32,1,1 1 1,CosDiscrete,30,16,0,97,1.016,5844.6,20721.0,11,8,6,1,Cleaning,1106.671,70313.118,5,27.715,22.140,0.000000,262144,0.000000,0
2026-09-12T12:52:31+02:00,ordi-2-nathan,8,go1.26.7,ba0a1a36+,12,4,4096,2048,1789210351802040587,9,2,sq ((x-y)^2),Cleaning (2 lv),2,XorThenClean,"clean (interp+cleaning, k+1 lv)",5,38,32,38,1238.0,336.0,1574.0,4,326.0,10.0,38 60 38 38 38 38 38 38 38 38 38 38 38 38 38 38 38 38 38 38 38 38 38 38 38 38 38 38 38 38 38 38,42 42 42 42 42 42 42 42,6ece0316,256,32,1,1 1 1,CosDiscrete,30,16,0,97,1.016,5844.6,20721.0,11,8,7,2,SubBytes,7882.395,78195.514,2,18.632,16.247,0.000013,262144,0.000013,0
2026-09-12T12:52:31+02:00,ordi-2-nathan,8,go1.26.7,ba0a1a36+,12,4,4096,2048,1789210351802040587,9,2,sq ((x-y)^2),Cleaning (2 lv),2,XorThenClean,"clean (interp+cleaning, k+1 lv)",5,38,32,38,1238.0,336.0,1574.0,4,326.0,10.0,38 60 38 38 38 38 38 38 38 38 38 38 38 38 38 38 38 38 38 38 38 38 38 38 38 38 38 38 38 38 38 38,42 42 42 42 42 42 42 42,6ece0316,256,32,1,1 1 1,CosDiscrete,30,16,0,97,1.016,5844.6,20721.0,11,8,8,2,Refresh,56537.866,134733.380,11,19.223,13.974,0.000062,262144,0.000062,0
2026-09-12T12:52:31+02:00,ordi-2-nathan,8,go1.26.7,ba0a1a36+,12,4,4096,2048,1789210351802040587,9,2,sq ((x-y)^2),Cleaning (2 lv),2,XorThenClean,"clean (interp+cleaning, k+1 lv)",5,38,32,38,1238.0,336.0,1574.0,4,326.0,10.0,38 60 38 38 38 38 38 38 38 38 38 38 38 38 38 38 38 38 38 38 38 38 38 38 38 38 38 38 38 38 38 38,42 42 42 42 42 42 42 42,6ece0316,256,32,1,1 1 1,CosDiscrete,30,16,0,97,1.016,5844.6,20721.0,11,8,9,2,MixColumns,3472.403,138205.783,8,20.087,11.039,0.000475,262144,0.000475,0
2026-09-12T12:52:31+02:00,ordi-2-nathan,8,go1.26.7,ba0a1a36+,12,4,4096,2048,1789210351802040587,9,2,sq ((x-y)^2),Cleaning (2 lv),2,XorThenClean,"clean (interp+cleaning, k+1 lv)",5,38,32,38,1238.0,336.0,1574.0,4,326.0,10.0,38 60 38 38 38 38 38 38 38 38 38 38 38 38 38 38 38 38 38 38 38 38 38 38 38 38 38 38 38 38 38 38,42 42 42 42 42 42 42 42,6ece0316,256,32,1,1 1 1,CosDiscrete,30,16,0,97,1.016,5844.6,20721.0,11,8,10,2,AddRoundKey,638.569,138844.353,7,23.199,10.085,0.000921,262144,0.000921,0
2026-09-12T12:52:31+02:00,ordi-2-nathan,8,go1.26.7,ba0a1a36+,12,4,4096,2048,1789210351802040587,9,2,sq ((x-y)^2),Cleaning (2 lv),2,XorThenClean,"clean (interp+cleaning, k+1 lv)",5,38,32,38,1238.0,336.0,1574.0,4,326.0,10.0,38 60 38 38 38 38 38 38 38 38 38 38 38 38 38 38 38 38 38 38 38 38 38 38 38 38 38 38 38 38 38 38,42 42 42 42 42 42 42 42,6ece0316,256,32,1,1 1 1,CosDiscrete,30,16,0,97,1.016,5844.6,20721.0,11,8,11,2,Cleaning,977.477,139821.830,5,27.129,18.572,0.000003,262144,0.000003,0
2026-09-12T12:52:31+02:00,ordi-2-nathan,8,go1.26.7,ba0a1a36+,12,4,4096,2048,1789210351802040587,9,2,sq ((x-y)^2),Cleaning (2 lv),2,XorThenClean,"clean (interp+cleaning, k+1 lv)",5,38,32,38,1238.0,336.0,1574.0,4,326.0,10.0,38 60 38 38 38 38 38 38 38 38 38 38 38 38 38 38 38 38 38 38 38 38 38 38 38 38 38 38 38 38 38 38,42 42 42 42 42 42 42 42,6ece0316,256,32,1,1 1 1,CosDiscrete,30,16,0,97,1.016,5844.6,20721.0,11,8,12,3,SubBytes,7486.075,147307.906,2,18.704,15.633,0.000020,262144,0.000020,0
2026-09-12T12:52:31+02:00,ordi-2-nathan,8,go1.26.7,ba0a1a36+,12,4,4096,2048,1789210351802040587,9,2,sq ((x-y)^2),Cleaning (2 lv),2,XorThenClean,"clean (interp+cleaning, k+1 lv)",5,38,32,38,1238.0,336.0,1574.0,4,326.0,10.0,38 60 38 38 38 38 38 38 38 38 38 38 38 38 38 38 38 38 38 38 38 38 38 38 38 38 38 38 38 38 38 38,42 42 42 42 42 42 42 42,6ece0316,256,32,1,1 1 1,CosDiscrete,30,16,0,97,1.016,5844.6,20721.0,11,8,13,3,Refresh,54087.094,201395.001,11,19.248,13.974,0.000062,262144,0.000062,0
2026-09-12T12:52:31+02:00,ordi-2-nathan,8,go1.26.7,ba0a1a36+,12,4,4096,2048,1789210351802040587,9,2,sq ((x-y)^2),Cleaning (2 lv),2,XorThenClean,"clean (interp+cleaning, k+1 lv)",5,38,32,38,1238.0,336.0,1574.0,4,326.0,10.0,38 60 38 38 38 38 38 38 38 38 38 38 38 38 38 38 38 38 38 38 38 38 38 38 38 38 38 38 38 38 38 38,42 42 42 42 42 42 42 42,6ece0316,256,32,1,1 1 1,CosDiscrete,30,16,0,97,1.016,5844.6,20721.0,11,8,14,3,MixColumns,3423.753,204818.754,8,20.086,11.038,0.000475,262144,0.000475,0
2026-09-12T12:52:31+02:00,ordi-2-nathan,8,go1.26.7,ba0a1a36+,12,4,4096,2048,1789210351802040587,9,2,sq ((x-y)^2),Cleaning (2 lv),2,XorThenClean,"clean (interp+cleaning, k+1 lv)",5,38,32,38,1238.0,336.0,1574.0,4,326.0,10.0,38 60 38 38 38 38 38 38 38 38 38 38 38 38 38 38 38 38 38 38 38 38 38 38 38 38 38 38 38 38 38 38,42 42 42 42 42 42 42 42,6ece0316,256,32,1,1 1 1,CosDiscrete,30,16,0,97,1.016,5844.6,20721.0,11,8,15,3,AddRoundKey,635.598,205454.352,7,23.089,10.084,0.000921,262144,0.000921,0
2026-09-12T12:52:31+02:00,ordi-2-nathan,8,go1.26.7,ba0a1a36+,12,4,4096,2048,1789210351802040587,9,2,sq ((x-y)^2),Cleaning (2 lv),2,XorThenClean,"clean (interp+cleaning, k+1 lv)",5,38,32,38,1238.0,336.0,1574.0,4,326.0,10.0,38 60 38 38 38 38 38 38 38 38 38 38 38 38 38 38 38 38 38 38 38 38 38 38 38 38 38 38 38 38 38 38,42 42 42 42 42 42 42 42,6ece0316,256,32,1,1 1 1,CosDiscrete,30,16,0,97,1.016,5844.6,20721.0,11,8,16,3,Cleaning,976.910,206431.263,5,27.015,18.571,0.000003,262144,0.000003,0
2026-09-12T12:52:31+02:00,ordi-2-nathan,8,go1.26.7,ba0a1a36+,12,4,4096,2048,1789210351802040587,9,2,sq ((x-y)^2),Cleaning (2 lv),2,XorThenClean,"clean (interp+cleaning, k+1 lv)",5,38,32,38,1238.0,336.0,1574.0,4,326.0,10.0,38 60 38 38 38 38 38 38 38 38 38 38 38 38 38 38 38 38 38 38 38 38 38 38 38 38 38 38 38 38 38 38,42 42 42 42 42 42 42 42,6ece0316,256,32,1,1 1 1,CosDiscrete,30,16,0,97,1.016,5844.6,20721.0,11,8,17,4,SubBytes,6902.402,213333.665,2,18.692,15.469,0.000022,262144,0.000022,0
2026-09-12T12:52:31+02:00,ordi-2-nathan,8,go1.26.7,ba0a1a36+,12,4,4096,2048,1789210351802040587,9,2,sq ((x-y)^2),Cleaning (2 lv),2,XorThenClean,"clean (interp+cleaning, k+1 lv)",5,38,32,38,1238.0,336.0,1574.0,4,326.0,10.0,38 60 38 38 38 38 38 38 38 38 38 38 38 38 38 38 38 38 38 38 38 38 38 38 38 38 38 38 38 38 38 38,42 42 42 42 42 42 42 42,6ece0316,256,32,1,1 1 1,CosDiscrete,30,16,0,97,1.016,5844.6,20721.0,11,8,18,4,Refresh,52193.155,265526.821,11,19.235,13.974,0.000062,262144,0.000062,0
2026-09-12T12:52:31+02:00,ordi-2-nathan,8,go1.26.7,ba0a1a36+,12,4,4096,2048,1789210351802040587,9,2,sq ((x-y)^2),Cleaning (2 lv),2,XorThenClean,"clean (interp+cleaning, k+1 lv)",5,38,32,38,1238.0,336.0,1574.0,4,326.0,10.0,38 60 38 38 38 38 38 38 38 38 38 38 38 38 38 38 38 38 38 38 38 38 38 38 38 38 38 38 38 38 38 38,42 42 42 42 42 42 42 42,6ece0316,256,32,1,1 1 1,CosDiscrete,30,16,0,97,1.016,5844.6,20721.0,11,8,19,4,MixColumns,3659.222,269186.043,8,20.093,11.039,0.000475,262144,0.000475,0
2026-09-12T12:52:31+02:00,ordi-2-nathan,8,go1.26.7,ba0a1a36+,12,4,4096,2048,1789210351802040587,9,2,sq ((x-y)^2),Cleaning (2 lv),2,XorThenClean,"clean (interp+cleaning, k+1 lv)",5,38,32,38,1238.0,336.0,1574.0,4,326.0,10.0,38 60 38 38 38 38 38 38 38 38 38 38 38 38 38 38 38 38 38 38 38 38 38 38 38 38 38 38 38 38 38 38,42 42 42 42 42 42 42 42,6ece0316,256,32,1,1 1 1,CosDiscrete,30,16,0,97,1.016,5844.6,20721.0,11,8,20,4,AddRoundKey,629.144,269815.187,7,22.971,10.085,0.000921,262144,0.000921,0
2026-09-12T12:52:31+02:00,ordi-2-nathan,8,go1.26.7,ba0a1a36+,12,4,4096,2048,1789210351802040587,9,2,sq ((x-y)^2),Cleaning (2 lv),2,XorThenClean,"clean (interp+cleaning, k+1 lv)",5,38,32,38,1238.0,336.0,1574.0,4,326.0,10.0,38 60 38 38 38 38 38 38 38 38 38 38 38 38 38 38 38 38 38 38 38 38 38 38 38 38 38 38 38 38 38 38,42 42 42 42 42 42 42 42,6ece0316,256,32,1,1 1 1,CosDiscrete,30,16,0,97,1.016,5844.6,20721.0,11,8,21,4,Cleaning,975.069,270790.257,5,26.874,18.572,0.000003,262144,0.000003,0
2026-09-12T12:52:31+02:00,ordi-2-nathan,8,go1.26.7,ba0a1a36+,12,4,4096,2048,1789210351802040587,9,2,sq ((x-y)^2),Cleaning (2 lv),2,XorThenClean,"clean (interp+cleaning, k+1 lv)",5,38,32,38,1238.0,336.0,1574.0,4,326.0,10.0,38 60 38 38 38 38 38 38 38 38 38 38 38 38 38 38 38 38 38 38 38 38 38 38 38 38 38 38 38 38 38 38,42 42 42 42 42 42 42 42,6ece0316,256,32,1,1 1 1,CosDiscrete,30,16,0,97,1.016,5844.6,20721.0,11,8,22,5,SubBytes,7214.640,278004.897,2,18.683,15.626,0.000020,262144,0.000020,0
2026-09-12T12:52:31+02:00,ordi-2-nathan,8,go1.26.7,ba0a1a36+,12,4,4096,2048,1789210351802040587,9,2,sq ((x-y)^2),Cleaning (2 lv),2,XorThenClean,"clean (interp+cleaning, k+1 lv)",5,38,32,38,1238.0,336.0,1574.0,4,326.0,10.0,38 60 38 38 38 38 38 38 38 38 38 38 38 38 38 38 38 38 38 38 38 38 38 38 38 38 38 38 38 38 38 38,42 42 42 42 42 42 42 42,6ece0316,256,32,1,1 1 1,CosDiscrete,30,16,0,97,1.016,5844.6,20721.0,11,8,23,5,Refresh,53879.840,331884.738,11,19.243,13.974,0.000062,262144,0.000062,0
2026-09-12T12:52:31+02:00,ordi-2-nathan,8,go1.26.7,ba0a1a36+,12,4,4096,2048,1789210351802040587,9,2,sq ((x-y)^2),Cleaning (2 lv),2,XorThenClean,"clean (interp+cleaning, k+1 lv)",5,38,32,38,1238.0,336.0,1574.0,4,326.0,10.0,38 60 38 38 38 38 38 38 38 38 38 38 38 38 38 38 38 38 38 38 38 38 38 38 38 38 38 38 38 38 38 38,42 42 42 42 42 42 42 42,6ece0316,256,32,1,1 1 1,CosDiscrete,30,16,0,97,1.016,5844.6,20721.0,11,8,24,5,MixColumns,3395.615,335280.353,8,20.085,11.039,0.000475,262144,0.000475,0
2026-09-12T12:52:31+02:00,ordi-2-nathan,8,go1.26.7,ba0a1a36+,12,4,4096,2048,1789210351802040587,9,2,sq ((x-y)^2),Cleaning (2 lv),2,XorThenClean,"clean (interp+cleaning, k+1 lv)",5,38,32,38,1238.0,336.0,1574.0,4,326.0,10.0,38 60 38 38 38 38 38 38 38 38 38 38 38 38 38 38 38 38 38 38 38 38 38 38 38 38 38 38 38 38 38 38,42 42 42 42 42 42 42 42,6ece0316,256,32,1,1 1 1,CosDiscrete,30,16,0,97,1.016,5844.6,20721.0,11,8,25,5,AddRoundKey,632.602,335912.955,7,23.109,10.085,0.000921,262144,0.000921,0
2026-09-12T12:52:31+02:00,ordi-2-nathan,8,go1.26.7,ba0a1a36+,12,4,4096,2048,1789210351802040587,9,2,sq ((x-y)^2),Cleaning (2 lv),2,XorThenClean,"clean (interp+cleaning, k+1 lv)",5,38,32,38,1238.0,336.0,1574.0,4,326.0,10.0,38 60 38 38 38 38 38 38 38 38 38 38 38 38 38 38 38 38 38 38 38 38 38 38 38 38 38 38 38 38 38 38,42 42 42 42 42 42 42 42,6ece0316,256,32,1,1 1 1,CosDiscrete,30,16,0,97,1.016,5844.6,20721.0,11,8,26,5,Cleaning,974.755,336887.711,5,27.026,18.568,0.000003,262144,0.000003,0
2026-09-12T12:52:31+02:00,ordi-2-nathan,8,go1.26.7,ba0a1a36+,12,4,4096,2048,1789210351802040587,9,2,sq ((x-y)^2),Cleaning (2 lv),2,XorThenClean,"clean (interp+cleaning, k+1 lv)",5,38,32,38,1238.0,336.0,1574.0,4,326.0,10.0,38 60 38 38 38 38 38 38 38 38 38 38 38 38 38 38 38 38 38 38 38 38 38 38 38 38 38 38 38 38 38 38,42 42 42 42 42 42 42 42,6ece0316,256,32,1,1 1 1,CosDiscrete,30,16,0,97,1.016,5844.6,20721.0,11,8,27,6,SubBytes,7018.717,343906.429,2,18.727,15.631,0.000020,262144,0.000020,0
2026-09-12T12:52:31+02:00,ordi-2-nathan,8,go1.26.7,ba0a1a36+,12,4,4096,2048,1789210351802040587,9,2,sq ((x-y)^2),Cleaning (2 lv),2,XorThenClean,"clean (interp+cleaning, k+1 lv)",5,38,32,38,1238.0,336.0,1574.0,4,326.0,10.0,38 60 38 38 38 38 38 38 38 38 38 38 38 38 38 38 38 38 38 38 38 38 38 38 38 38 38 38 38 38 38 38,42 42 42 42 42 42 42 42,6ece0316,256,32,1,1 1 1,CosDiscrete,30,16,0,97,1.016,5844.6,20721.0,11,8,28,6,Refresh,54457.230,398363.659,11,19.223,13.974,0.000062,262144,0.000062,0
2026-09-12T12:52:31+02:00,ordi-2-nathan,8,go1.26.7,ba0a1a36+,12,4,4096,2048,1789210351802040587,9,2,sq ((x-y)^2),Cleaning (2 lv),2,XorThenClean,"clean (interp+cleaning, k+1 lv)",5,38,32,38,1238.0,336.0,1574.0,4,326.0,10.0,38 60 38 38 38 38 38 38 38 38 38 38 38 38 38 38 38 38 38 38 38 38 38 38 38 38 38 38 38 38 38 38,42 42 42 42 42 42 42 42,6ece0316,256,32,1,1 1 1,CosDiscrete,30,16,0,97,1.016,5844.6,20721.0,11,8,29,6,MixColumns,3634.961,401998.620,8,20.119,11.039,0.000475,262144,0.000475,0
2026-09-12T12:52:31+02:00,ordi-2-nathan,8,go1.26.7,ba0a1a36+,12,4,4096,2048,1789210351802040587,9,2,sq ((x-y)^2),Cleaning (2 lv),2,XorThenClean,"clean (interp+cleaning, k+1 lv)",5,38,32,38,1238.0,336.0,1574.0,4,326.0,10.0,38 60 38 38 38 38 38 38 38 38 38 38 38 38 38 38 38 38 38 38 38 38 38 38 38 38 38 38 38 38 38 38,42 42 42 42 42 42 42 42,6ece0316,256,32,1,1 1 1,CosDiscrete,30,16,0,97,1.016,5844.6,20721.0,11,8,30,6,AddRoundKey,633.713,402632.334,7,23.037,10.085,0.000921,262144,0.000921,0
2026-09-12T12:52:31+02:00,ordi-2-nathan,8,go1.26.7,ba0a1a36+,12,4,4096,2048,1789210351802040587,9,2,sq ((x-y)^2),Cleaning (2 lv),2,XorThenClean,"clean (interp+cleaning, k+1 lv)",5,38,32,38,1238.0,336.0,1574.0,4,326.0,10.0,38 60 38 38 38 38 38 38 38 38 38 38 38 38 38 38 38 38 38 38 38 38 38 38 38 38 38 38 38 38 38 38,42 42 42 42 42 42 42 42,6ece0316,256,32,1,1 1 1,CosDiscrete,30,16,0,97,1.016,5844.6,20721.0,11,8,31,6,Cleaning,979.742,403612.076,5,26.940,18.572,0.000003,262144,0.000003,0
2026-09-12T12:52:31+02:00,ordi-2-nathan,8,go1.26.7,ba0a1a36+,12,4,4096,2048,1789210351802040587,9,2,sq ((x-y)^2),Cleaning (2 lv),2,XorThenClean,"clean (interp+cleaning, k+1 lv)",5,38,32,38,1238.0,336.0,1574.0,4,326.0,10.0,38 60 38 38 38 38 38 38 38 38 38 38 38 38 38 38 38 38 38 38 38 38 38 38 38 38 38 38 38 38 38 38,42 42 42 42 42 42 42 42,6ece0316,256,32,1,1 1 1,CosDiscrete,30,16,0,97,1.016,5844.6,20721.0,11,8,32,7,SubBytes,7141.263,410753.340,2,18.698,15.611,0.000020,262144,0.000020,0
2026-09-12T12:52:31+02:00,ordi-2-nathan,8,go1.26.7,ba0a1a36+,12,4,4096,2048,1789210351802040587,9,2,sq ((x-y)^2),Cleaning (2 lv),2,XorThenClean,"clean (interp+cleaning, k+1 lv)",5,38,32,38,1238.0,336.0,1574.0,4,326.0,10.0,38 60 38 38 38 38 38 38 38 38 38 38 38 38 38 38 38 38 38 38 38 38 38 38 38 38 38 38 38 38 38 38,42 42 42 42 42 42 42 42,6ece0316,256,32,1,1 1 1,CosDiscrete,30,16,0,97,1.016,5844.6,20721.0,11,8,33,7,Refresh,52556.252,463309.592,11,19.228,13.974,0.000062,262144,0.000062,0
2026-09-12T12:52:31+02:00,ordi-2-nathan,8,go1.26.7,ba0a1a36+,12,4,4096,2048,1789210351802040587,9,2,sq ((x-y)^2),Cleaning (2 lv),2,XorThenClean,"clean (interp+cleaning, k+1 lv)",5,38,32,38,1238.0,336.0,1574.0,4,326.0,10.0,38 60 38 38 38 38 38 38 38 38 38 38 38 38 38 38 38 38 38 38 38 38 38 38 38 38 38 38 38 38 38 38,42 42 42 42 42 42 42 42,6ece0316,256,32,1,1 1 1,CosDiscrete,30,16,0,97,1.016,5844.6,20721.0,11,8,34,7,MixColumns,3625.699,466935.292,8,20.097,11.039,0.000475,262144,0.000475,0
2026-09-12T12:52:31+02:00,ordi-2-nathan,8,go1.26.7,ba0a1a36+,12,4,4096,2048,1789210351802040587,9,2,sq ((x-y)^2),Cleaning (2 lv),2,XorThenClean,"clean (interp+cleaning, k+1 lv)",5,38,32,38,1238.0,336.0,1574.0,4,326.0,10.0,38 60 38 38 38 38 38 38 38 38 38 38 38 38 38 38 38 38 38 38 38 38 38 38 38 38 38 38 38 38 38 38,42 42 42 42 42 42 42 42,6ece0316,256,32,1,1 1 1,CosDiscrete,30,16,0,97,1.016,5844.6,20721.0,11,8,35,7,AddRoundKey,664.295,467599.588,7,23.291,10.085,0.000921,262144,0.000921,0
2026-09-12T12:52:31+02:00,ordi-2-nathan,8,go1.26.7,ba0a1a36+,12,4,4096,2048,1789210351802040587,9,2,sq ((x-y)^2),Cleaning (2 lv),2,XorThenClean,"clean (interp+cleaning, k+1 lv)",5,38,32,38,1238.0,336.0,1574.0,4,326.0,10.0,38 60 38 38 38 38 38 38 38 38 38 38 38 38 38 38 38 38 38 38 38 38 38 38 38 38 38 38 38 38 38 38,42 42 42 42 42 42 42 42,6ece0316,256,32,1,1 1 1,CosDiscrete,30,16,0,97,1.016,5844.6,20721.0,11,8,36,7,Cleaning,1019.765,468619.354,5,27.205,18.567,0.000003,262144,0.000003,0
2026-09-12T12:52:31+02:00,ordi-2-nathan,8,go1.26.7,ba0a1a36+,12,4,4096,2048,1789210351802040587,9,2,sq ((x-y)^2),Cleaning (2 lv),2,XorThenClean,"clean (interp+cleaning, k+1 lv)",5,38,32,38,1238.0,336.0,1574.0,4,326.0,10.0,38 60 38 38 38 38 38 38 38 38 38 38 38 38 38 38 38 38 38 38 38 38 38 38 38 38 38 38 38 38 38 38,42 42 42 42 42 42 42 42,6ece0316,256,32,1,1 1 1,CosDiscrete,30,16,0,97,1.016,5844.6,20721.0,11,8,37,8,SubBytes,7006.566,475625.920,2,18.720,15.634,0.000020,262144,0.000020,0
2026-09-12T12:52:31+02:00,ordi-2-nathan,8,go1.26.7,ba0a1a36+,12,4,4096,2048,1789210351802040587,9,2,sq ((x-y)^2),Cleaning (2 lv),2,XorThenClean,"clean (interp+cleaning, k+1 lv)",5,38,32,38,1238.0,336.0,1574.0,4,326.0,10.0,38 60 38 38 38 38 38 38 38 38 38 38 38 38 38 38 38 38 38 38 38 38 38 38 38 38 38 38 38 38 38 38,42 42 42 42 42 42 42 42,6ece0316,256,32,1,1 1 1,CosDiscrete,30,16,0,97,1.016,5844.6,20721.0,11,8,38,8,Refresh,58783.423,534409.343,11,19.234,13.974,0.000062,262144,0.000062,0
2026-09-12T12:52:31+02:00,ordi-2-nathan,8,go1.26.7,ba0a1a36+,12,4,4096,2048,1789210351802040587,9,2,sq ((x-y)^2),Cleaning (2 lv),2,XorThenClean,"clean (interp+cleaning, k+1 lv)",5,38,32,38,1238.0,336.0,1574.0,4,326.0,10.0,38 60 38 38 38 38 38 38 38 38 38 38 38 38 38 38 38 38 38 38 38 38 38 38 38 38 38 38 38 38 38 38,42 42 42 42 42 42 42 42,6ece0316,256,32,1,1 1 1,CosDiscrete,30,16,0,97,1.016,5844.6,20721.0,11,8,39,8,MixColumns,4109.881,538519.225,8,20.109,11.039,0.000475,262144,0.000475,0
2026-09-12T12:52:31+02:00,ordi-2-nathan,8,go1.26.7,ba0a1a36+,12,4,4096,2048,1789210351802040587,9,2,sq ((x-y)^2),Cleaning (2 lv),2,XorThenClean,"clean (interp+cleaning, k+1 lv)",5,38,32,38,1238.0,336.0,1574.0,4,326.0,10.0,38 60 38 38 38 38 38 38 38 38 38 38 38 38 38 38 38 38 38 38 38 38 38 38 38 38 38 38 38 38 38 38,42 42 42 42 42 42 42 42,6ece0316,256,32,1,1 1 1,CosDiscrete,30,16,0,97,1.016,5844.6,20721.0,11,8,40,8,AddRoundKey,714.108,539233.334,7,23.120,10.085,0.000921,262144,0.000921,0
2026-09-12T12:52:31+02:00,ordi-2-nathan,8,go1.26.7,ba0a1a36+,12,4,4096,2048,1789210351802040587,9,2,sq ((x-y)^2),Cleaning (2 lv),2,XorThenClean,"clean (interp+cleaning, k+1 lv)",5,38,32,38,1238.0,336.0,1574.0,4,326.0,10.0,38 60 38 38 38 38 38 38 38 38 38 38 38 38 38 38 38 38 38 38 38 38 38 38 38 38 38 38 38 38 38 38,42 42 42 42 42 42 42 42,6ece0316,256,32,1,1 1 1,CosDiscrete,30,16,0,97,1.016,5844.6,20721.0,11,8,41,8,Cleaning,1240.442,540473.776,5,27.026,18.571,0.000003,262144,0.000003,0
2026-09-12T12:52:31+02:00,ordi-2-nathan,8,go1.26.7,ba0a1a36+,12,4,4096,2048,1789210351802040587,9,2,sq ((x-y)^2),Cleaning (2 lv),2,XorThenClean,"clean (interp+cleaning, k+1 lv)",5,38,32,38,1238.0,336.0,1574.0,4,326.0,10.0,38 60 38 38 38 38 38 38 38 38 38 38 38 38 38 38 38 38 38 38 38 38 38 38 38 38 38 38 38 38 38 38,42 42 42 42 42 42 42 42,6ece0316,256,32,1,1 1 1,CosDiscrete,30,16,0,97,1.016,5844.6,20721.0,11,8,42,9,SubBytes,8538.625,549012.401,2,18.711,15.620,0.000020,262144,0.000020,0
2026-09-12T12:52:31+02:00,ordi-2-nathan,8,go1.26.7,ba0a1a36+,12,4,4096,2048,1789210351802040587,9,2,sq ((x-y)^2),Cleaning (2 lv),2,XorThenClean,"clean (interp+cleaning, k+1 lv)",5,38,32,38,1238.0,336.0,1574.0,4,326.0,10.0,38 60 38 38 38 38 38 38 38 38 38 38 38 38 38 38 38 38 38 38 38 38 38 38 38 38 38 38 38 38 38 38,42 42 42 42 42 42 42 42,6ece0316,256,32,1,1 1 1,CosDiscrete,30,16,0,97,1.016,5844.6,20721.0,11,8,43,9,Refresh,56995.308,606007.710,11,19.232,13.974,0.000062,262144,0.000062,0
2026-09-12T12:52:31+02:00,ordi-2-nathan,8,go1.26.7,ba0a1a36+,12,4,4096,2048,1789210351802040587,9,2,sq ((x-y)^2),Cleaning (2 lv),2,XorThenClean,"clean (interp+cleaning, k+1 lv)",5,38,32,38,1238.0,336.0,1574.0,4,326.0,10.0,38 60 38 38 38 38 38 38 38 38 38 38 38 38 38 38 38 38 38 38 38 38 38 38 38 38 38 38 38 38 38 38,42 42 42 42 42 42 42 42,6ece0316,256,32,1,1 1 1,CosDiscrete,30,16,0,97,1.016,5844.6,20721.0,11,8,44,9,MixColumns,3967.788,609975.499,8,20.077,11.038,0.000475,262144,0.000475,0
2026-09-12T12:52:31+02:00,ordi-2-nathan,8,go1.26.7,ba0a1a36+,12,4,4096,2048,1789210351802040587,9,2,sq ((x-y)^2),Cleaning (2 lv),2,XorThenClean,"clean (interp+cleaning, k+1 lv)",5,38,32,38,1238.0,336.0,1574.0,4,326.0,10.0,38 60 38 38 38 38 38 38 38 38 38 38 38 38 38 38 38 38 38 38 38 38 38 38 38 38 38 38 38 38 38 38,42 42 42 42 42 42 42 42,6ece0316,256,32,1,1 1 1,CosDiscrete,30,16,0,97,1.016,5844.6,20721.0,11,8,45,9,AddRoundKey,747.752,610723.251,7,22.862,10.084,0.000921,262144,0.000921,0
2026-09-12T12:52:31+02:00,ordi-2-nathan,8,go1.26.7,ba0a1a36+,12,4,4096,2048,1789210351802040587,9,2,sq ((x-y)^2),Cleaning (2 lv),2,XorThenClean,"clean (interp+cleaning, k+1 lv)",5,38,32,38,1238.0,336.0,1574.0,4,326.0,10.0,38 60 38 38 38 38 38 38 38 38 38 38 38 38 38 38 38 38 38 38 38 38 38 38 38 38 38 38 38 38 38 38,42 42 42 42 42 42 42 42,6ece0316,256,32,1,1 1 1,CosDiscrete,30,16,0,97,1.016,5844.6,20721.0,11,8,46,9,Cleaning,1094.656,611817.908,5,26.762,18.573,0.000003,262144,0.000003,0
2026-09-12T12:52:31+02:00,ordi-2-nathan,8,go1.26.7,ba0a1a36+,12,4,4096,2048,1789210351802040587,9,2,sq ((x-y)^2),Cleaning (2 lv),2,XorThenClean,"clean (interp+cleaning, k+1 lv)",5,38,32,38,1238.0,336.0,1574.0,4,326.0,10.0,38 60 38 38 38 38 38 38 38 38 38 38 38 38 38 38 38 38 38 38 38 38 38 38 38 38 38 38 38 38 38 38,42 42 42 42 42 42 42 42,6ece0316,256,32,1,1 1 1,CosDiscrete,30,16,0,97,1.016,5844.6,20721.0,11,8,47,10,SubBytes,7087.021,618904.930,2,18.690,15.467,0.000022,262144,0.000022,0
2026-09-12T12:52:31+02:00,ordi-2-nathan,8,go1.26.7,ba0a1a36+,12,4,4096,2048,1789210351802040587,9,2,sq ((x-y)^2),Cleaning (2 lv),2,XorThenClean,"clean (interp+cleaning, k+1 lv)",5,38,32,38,1238.0,336.0,1574.0,4,326.0,10.0,38 60 38 38 38 38 38 38 38 38 38 38 38 38 38 38 38 38 38 38 38 38 38 38 38 38 38 38 38 38 38 38,42 42 42 42 42 42 42 42,6ece0316,256,32,1,1 1 1,CosDiscrete,30,16,0,97,1.016,5844.6,20721.0,11,8,48,10,Refresh,52972.572,671877.502,11,19.232,13.974,0.000062,262144,0.000062,0
2026-09-12T12:52:31+02:00,ordi-2-nathan,8,go1.26.7,ba0a1a36+,12,4,4096,2048,1789210351802040587,9,2,sq ((x-y)^2),Cleaning (2 lv),2,XorThenClean,"clean (interp+cleaning, k+1 lv)",5,38,32,38,1238.0,336.0,1574.0,4,326.0,10.0,38 60 38 38 38 38 38 38 38 38 38 38 38 38 38 38 38 38 38 38 38 38 38 38 38 38 38 38 38 38 38 38,42 42 42 42 42 42 42 42,6ece0316,256,32,1,1 1 1,CosDiscrete,30,16,0,97,1.016,5844.6,20721.0,11,8,49,10,AddRoundKey,812.794,672690.297,10,23.675,12.974,0.000124,262144,0.000124,0
2026-09-12T12:52:31+02:00,ordi-2-nathan,8,go1.26.7,ba0a1a36+,12,4,4096,2048,1789210351802040587,9,2,sq ((x-y)^2),Cleaning (2 lv),2,XorThenClean,"clean (interp+cleaning, k+1 lv)",5,38,32,38,1238.0,336.0,1574.0,4,326.0,10.0,38 60 38 38 38 38 38 38 38 38 38 38 38 38 38 38 38 38 38 38 38 38 38 38 38 38 38 38 38 38 38 38,42 42 42 42 42 42 42 42,6ece0316,256,32,1,1 1 1,CosDiscrete,30,16,0,97,1.016,5844.6,20721.0,11,8,50,10,Cleaning,1516.520,674206.817,8,27.901,23.415,0.000000,262144,0.000000,0
